TF	target	target_in_MO	GRNboost2_weight	MO_log2FC	MO_abs_diff	MO_change	MACS2_score (chip)
PAX3	MYCN	mycn.l	32.84464335415333	-1.1219905243786104	40.0	not changed	170.0
PAX3	MYCN	mycn.s	32.84464335415333	1.5145731728297582	13.0	not changed	170.0
PAX3	COX17	cox17.l	22.30256603192484	-0.6358436697233402	144.0	not changed	
PAX3	COX17	cox17.s	22.30256603192484	-0.4931995220371912	48.5	not changed	
PAX3	ZIC2		18.343170683480192				
PAX3	TNC		18.14850550124829				
PAX3	DLX2	dlx2.l	18.035323990126223	2.415037499278844	6.5	not changed	
PAX3	DLX2	dlx2.s	18.035323990126223	-0.3219280948873623	4.0	not changed	
PAX3	UNC5B		17.539401505483355				
PAX3	SHB		17.06087163630296				125.0
PAX3	SNCAIP	sncaip.l	15.173317769083583	-4.700439718141092	25.0	not changed	
PAX3	SNCAIP	sncaip.s	15.173317769083583	-1.8744691179161408	16.0	not changed	
PAX3	ZIC1	zic1.l	13.63908758329036	-0.9934113371211344	815.5	not changed	
PAX3	ZIC1	zic1.s	13.63908758329036	-0.7079178808333083	1134.5	decreased	
PAX3	NMRK2		13.463482102670564				
PAX3	DMBX1	dmbx1.l	12.914299775637287	-0.7906761809109737	63.5	not changed	94.0
PAX3	DMBX1	dmbx1.s	12.914299775637287	-1.0976107966264224	114.0	not changed	94.0
PAX3	KNOP1	knop1.l	12.71389211574371	-1.5737198054139032	721.5	decreased	
PAX3	ATP2A2		12.25164227865746				
PAX3	ZIC5	zic5.l	11.736679738499122	-1.0325157684045374	355.5	not changed	
PAX3	ZIC5	zic5.s	11.736679738499122	-0.7198097704354901	202.5	not changed	
PAX3	BMS1	bms1.l	11.499158149518202	-1.7675619528429771	3018.0	decreased	
PAX3	HAS2	has2.l	11.181025364862004	0.1255308820838588	3.5	not changed	
PAX3	HAS2	has2.s	11.181025364862004	1.234465253637023	23.0	not changed	
PAX3	TMEM119	tmem119.s	10.907589107996923	3.938599455335857	21.5	not changed	
PAX3	TMEM119	tmem119.l	10.907589107996923	-inf	1.5	not changed	
PAX3	ZFHX4	zfhx4.l	10.773764334743076	0.777607578663552	17.5	not changed	
PAX3	ZFHX4	zfhx4.s	10.773764334743076	0.5372093692727882	48.5	not changed	
PAX3	MARCKSL1	marcksl1.l	10.723388835733957	0.1706404465553574	225.0	not changed	
PAX3	MARCKSL1	marcksl1.s	10.723388835733957	0.0922884403254708	239.5	not changed	
PAX3	PRPS1	prps1.l	10.602050617919222	-0.8435914145999551	1245.0	decreased	
PAX3	WNT11	wnt11.l	10.504556895798814	-2.309855262586787	95.0	decreased	
PAX3	WNT11	wnt11.s	10.504556895798814	0.0264722113611911	1.0	not changed	
PAX3	NPM1		10.493579855062311				
PAX3	RSL1D1		10.32890868118374				
PAX3	TRMT112		10.214266402703426				
PAX3	ZEB2		10.212109625571022				
PAX3	EPHA2		10.002566415773842				
PAX3	DKC1		9.944646886870483				
PAX3	PPRC1		9.619698252224154				
PAX3	SURF2	surf2.l	9.6137933648644	-0.0139391909578737	1.0	not changed	
PAX3	SURF2	surf2.s	9.6137933648644	0.0740005814437767	1.0	not changed	
PAX3	LTBP1	ltbp1.l	9.30852584642454	1.584962500721156	3.0	not changed	
PAX3	LTBP1	ltbp1.s	9.30852584642454	2.29176612437711	56.5	increased	
PAX3	MED20	med20.s	9.142655467397304	-1.2911480420427075	809.0	decreased	
PAX3	MTHFD1		9.084139016428084				
PAX3	OLIG2	olig2.l	8.955875593931673	2.415037499278844	6.5	not changed	128.0
PAX3	OLIG2	olig2.s	8.955875593931673	2.347923303420307	22.5	not changed	128.0
PAX3	GPA33	gpa33.s	8.83937017613995	1.0909736600474906	191.0	not changed	39.0
PAX3	GPA33	gpa33.l	8.83937017613995	0.3762167934436272	670.5	not changed	39.0
PAX3	FBLN1		8.770437679964434				
PAX3	SSBP1		8.682975985787671				
PAX3	SERPINF1	serpinf1.l	8.520524613058026	-0.4671260104272979	19.5	not changed	
PAX3	TIAM1	tiam1.l	8.446348050821372	-0.9337887666617856	1177.0	decreased	59.0
PAX3	TIAM1	tiam1.s	8.446348050821372	-1.317356974932934	1698.0	decreased	59.0
PAX3	NUDT22	nudt22.l	8.332562765441052	-1.57008001841735	799.5	decreased	202.0
PAX3	TRAK1		8.221407798068547				
PAX3	RIOK2	riok2.l	8.135807510641497	-1.0802036177183536	653.0	decreased	
PAX3	RIOK2	riok2.s	8.135807510641497	-1.4254042148371031	1052.0	decreased	
PAX3	KIF26A		8.013808351301051				29.0
PAX3	UTP4		7.993353465902609				
PAX3	GRWD1	grwd1.s	7.990444822323761	-0.4734158480729984	87.0	not changed	
PAX3	GRWD1	grwd1.l	7.990444822323761	-0.9813843218326532	684.0	not changed	
PAX3	HSPBP1	hspbp1.l	7.885471736008135	0.6365142144335567	437.0	not changed	
PAX3	ZIC3	zic3.l	7.740372417066423	-0.8481575719642023	2395.0	decreased	
PAX3	ZIC3	zic3.s	7.740372417066423	-0.2105486742574209	458.5	not changed	
PAX3	DHX37		7.656169241983446				
PAX3	NUAK1	nuak1.l	7.288789537879293	-0.3974791278945392	29.5	not changed	
PAX3	NUAK1	nuak1.s	7.288789537879293	-0.3681511116480081	12.5	not changed	
PAX3	EMP3	emp3.l	7.196997932263063	0.0	0.0	not changed	
PAX3	EMP3	emp3.s	7.196997932263063	3.584962500721156	5.5	not changed	
PAX3	NAP1L1		7.143518419313733				
PAX3	RCN1		6.887169486524518				
PAX3	PES1	pes1.l	6.860390112689288	-0.811169357786347	2036.0	decreased	
PAX3	PES1	pes1.s	6.860390112689288	-1.3082043762681594	2495.0	decreased	
PAX3	TFAP2B	tfap2b.l	6.8210566080833885	-0.7490384264667812	81.0	not changed	25.0
PAX3	TFAP2B	tfap2b.s	6.8210566080833885	-1.052256237131424	131.0	not changed	25.0
PAX3	CXCR4	cxcr4.l	6.815315215859503	-0.256729828979585	67.0	not changed	237.0
PAX3	CXCR4	cxcr4.s	6.815315215859503	-1.6742081765679124	486.5	decreased	237.0
PAX3	FN1	fn1.l	6.768124588012603	0.3365254711003203	217.0	not changed	
PAX3	FN1	fn1.s	6.768124588012603	-0.4890156226549065	648.0	not changed	
PAX3	GREB1	greb1.l	6.702615377627576	-0.7395243208923011	339.5	not changed	
PAX3	GREB1	greb1.s	6.702615377627576	1.506959988719883	35.0	not changed	
PAX3	KRT18	krt18.s	6.679913589040725	0.1522345078163027	277.5	not changed	
PAX3	KRT18	krt18.l	6.679913589040725	-0.0764884958529938	76.5	not changed	
PAX3	EEF1D		6.664695458363068				
PAX3	WNT8A	wnt8a.l	6.654346536184617	1.1272351882961078	835.0	increased	114.0
PAX3	WNT8A	wnt8a.s	6.654346536184617	-1.8744691179161408	264.0	decreased	114.0
PAX3	ESF1	esf1.l	6.606344231025797	-0.8823134637617766	1251.5	decreased	
PAX3	DSP	dsp.l	6.3536104432498615	-1.293535653977424	2606.5	decreased	
PAX3	DSP	dsp.s	6.3536104432498615	-0.8781127492022721	1205.0	decreased	
PAX3	RBM28	rbm28.l	6.213573089189957	-0.7914133781885827	9.5	not changed	
PAX3	BMPER	bmper.l	6.205235502393427	-1.487265826834023	50.5	not changed	73.0
PAX3	PUM3		6.079706753683816				
PAX3	RUVBL1	ruvbl1.s	6.071727418987033	-0.2450041182368194	77.0	not changed	
PAX3	RUVBL1	ruvbl1.l	6.071727418987033	-0.8637026870470709	661.5	not changed	
PAX3	FBN2		6.058188424181737				
PAX3	ELAVL3		6.058141030067223				
PAX3	MCM2	mcm2.l	5.913563333548069	0.2397919367266502	569.5	not changed	
PAX3	MCM2	mcm2.s	5.913563333548069	0.0642288048149617	14.5	not changed	
PAX3	ACSL1		5.865634437105129				
PAX3	DDIT4	ddit4.l	5.81747087695045	0.0929714200729898	43.5	not changed	
PAX3	DDIT4	ddit4.s	5.81747087695045	-0.6140682921904246	755.0	not changed	
PAX3	ATIC	atic.l	5.692537632783859	1.0644887264517138	191.0	not changed	
PAX3	ATIC	atic.s	5.692537632783859	0.84799690655495	248.0	not changed	
PAX3	ADD1		5.617010282164683				
PAX3	FAU		5.556024176669943				
PAX3	TCOF1		5.511011851282919				
PAX3	CLDN1	cldn1.l	5.499311501803369	-2.321928094887362	4.0	not changed	
PAX3	CLDN1	cldn1.s	5.499311501803369	-2.941447817644887	147.0	decreased	
PAX3	KRT8	krt8.l	5.396013877740412	0.2541226671553064	1089.5	not changed	
PAX3	KRT8	krt8.s	5.396013877740412	0.9580958232773112	9286.5	increased	
PAX3	SMIM3		5.196373534121456				
PAX3	SALL2	sall2.l	5.161108184510104	-0.1690190704606514	22.0	not changed	75.0
PAX3	SALL2	sall2.s	5.161108184510104	-1.518601395155279	283.5	decreased	75.0
PAX3	MEF2C	mef2c.l	5.159424828435619	0.7369655941662062	4.0	not changed	80.0
PAX3	MEF2C	mef2c.s	5.159424828435619	-4.357552004618084	19.5	not changed	80.0
PAX3	ATP1B3	atp1b3.s	5.158950533885468	-0.5275466435619092	520.5	not changed	
PAX3	ATP1B3	atp1b3.l	5.158950533885468	0.1427264973463805	79.5	not changed	
PAX3	UTP15	utp15.l	5.1231858727429165	-0.2404093466249416	437.0	not changed	
PAX3	UTP15	utp15.s	5.1231858727429165	-0.11979316392099	184.5	not changed	
PAX3	LMX1B		5.070207128121374				
PAX3	ALCAM	alcam.l	5.021595141945812	-0.3815115814044453	1711.5	not changed	
PAX3	ALCAM	alcam.s	5.021595141945812	-0.5212218176024963	537.0	not changed	
PAX3	GPD1		4.998946999176286				
PAX3	XPO7	xpo7.l	4.956128818706591	-0.1814872880578744	87.0	not changed	
PAX3	XPO7	xpo7.s	4.956128818706591	-0.2499782530083474	35.0	not changed	
PAX3	OSCP1	oscp1.l	4.889615573520879	-0.965867315080854	132.5	not changed	
PAX3	OSCP1	oscp1.s	4.889615573520879	-2.232660756790275	37.0	not changed	
PAX3	BMP5	bmp5.l	4.8870043449457885	-5.357552004618084	40.0	decreased	130.0
PAX3	KLB	klb.l	4.857166088633241	-0.3785116232537298	1.5	not changed	
PAX3	KLB	klb.s	4.857166088633241	-0.6780719051126376	6.0	not changed	
PAX3	PLSCR1		4.764414940724925				
PAX3	TACSTD2		4.763938699754831				
PAX3	NOP58		4.751448942209998				
PAX3	HOXB8	hoxb8.l	4.748957614600255	-1.5849625007211563	8.0	not changed	
PAX3	HOXB8	hoxb8.s	4.748957614600255	-1.2052993315441975	245.5	not changed	
PAX3	ATP5F1B		4.703612368347087				
PAX3	COX6B1	cox6b1.l	4.70074699291088	0.034365613518825	14.5	not changed	
PAX3	COX6B1	cox6b1.s	4.70074699291088	-0.5434432312828892	43.0	not changed	
PAX3	IMPDH1		4.639402267077374				
PAX3	LPCAT4	lpcat4.s	4.596168888432661	-0.1705669124833311	94.0	not changed	
PAX3	LPCAT4	lpcat4.l	4.596168888432661	2.4519886354517357	118.5	increased	
PAX3	TFAP2C		4.566471152647476				152.0
PAX3	PA2G4	pa2g4.l	4.558892972616301	-0.8505023657480466	1360.5	decreased	
PAX3	PA2G4	pa2g4.s	4.558892972616301	-0.7708527435832409	787.5	not changed	
PAX3	DDX24		4.558334568991849				
PAX3	PPIE		4.44862779253484				
PAX3	HIF1A	hif1a.l	4.392366078011693	-0.9019336500948484	928.5	not changed	
PAX3	HIF1A	hif1a.s	4.392366078011693	-1.3467026458968658	1140.5	decreased	
PAX3	MAFB	mafb.l	4.379397434014827	0.2568330666654774	53.0	not changed	
PAX3	MAFB	mafb.s	4.379397434014827	1.1056101879605988	45.5	not changed	
PAX3	C1ORF131	c1orf131.s	4.364821694237998	1.0	1.0	not changed	
PAX3	C1ORF131	c1orf131.l	4.364821694237998	-0.7462963536059539	177.5	not changed	
PAX3	ZMIZ2	zmiz2.l	4.3634932988013855	-0.0096260243079655	24.0	not changed	32.0
PAX3	ZMIZ2	zmiz2.s	4.3634932988013855	-0.0085399775657835	11.5	not changed	32.0
PAX3	CTPS1		4.323830341711222				
PAX3	FRMD6		4.31203430420549				27.0
PAX3	TRMT6	trmt6.l	4.278775864485558	0.1844572293991551	120.5	not changed	
PAX3	TRMT6	trmt6.s	4.278775864485558	-0.7486265943476619	494.5	not changed	
PAX3	AKAP12		4.237551272431996				
PAX3	VASN	vasn.l	4.172117712295303	2.146841388329271	24.0	not changed	
PAX3	VASN	vasn.s	4.172117712295303	0.3890422907458993	13.0	not changed	
PAX3	NCL		4.164687191191659				
PAX3	PLXNA1		4.1511973726385625				129.0
PAX3	NCOA7		4.113425685745				
PAX3	VPS36	vps36.l	4.080977876810047	-1.5355235679866512	714.0	decreased	
PAX3	EIF4E3	eif4e3.l	4.056747794062485	-0.6662626028230044	13.5	not changed	
PAX3	EIF4E3	eif4e3.s	4.056747794062485	-0.3844295133484475	120.0	not changed	
PAX3	SPINT1		4.035084492654592				
PAX3	DDX18	ddx18.l	3.986147876416174	-1.1438245935274352	1139.5	decreased	
PAX3	DDX18	ddx18.s	3.986147876416174	-0.5884472730456318	1249.5	decreased	
PAX3	MEIS2		3.970457233449921				
PAX3	DLC1	dlc1.l	3.925194002220032	0.1942313288343474	65.5	not changed	
PAX3	DLC1	dlc1.s	3.925194002220032	-0.7917355521606424	145.5	not changed	
PAX3	LMO4		3.8948588173093657				
PAX3	MEX3B	mex3b.s	3.889198588554249	-0.2504972710206319	257.5	not changed	
PAX3	MEX3B	mex3b.l	3.889198588554249	-0.0080642749989565	7.5	not changed	
PAX3	NOLC1	nolc1.l	3.85201182113538	-0.1589980316307276	1288.5	not changed	
PAX3	NAA25	naa25.l	3.851250260984102	-0.4667118445534552	226.5	not changed	
PAX3	NAA25	naa25.s	3.851250260984102	0.8197920252958268	101.0	not changed	
PAX3	ACIN1		3.8405514857872647				
PAX3	PDGFRA		3.822906004798508				89.0
PAX3	NOC4L	noc4l.l	3.74356088950257	-1.6923164137913875	611.5	decreased	
PAX3	NOC4L	noc4l.s	3.74356088950257	-1.3874380483467603	661.0	decreased	
PAX3	CDK2AP1	cdk2ap1.l	3.736869269326549	-1.420635188895511	350.5	not changed	
PAX3	CDK2AP1	cdk2ap1.s	3.736869269326549	-1.142510368188657	1689.5	decreased	
PAX3	ATP6V1G1		3.726555563661179				
PAX3	HOXB6	hoxb6.s	3.723072296754169	-2.666756591884804	321.0	decreased	
PAX3	HOXB6	hoxb6.l	3.723072296754169	-1.3261650877738331	102.5	not changed	
PAX3	LDB1	ldb1.l	3.69932306249022	-0.1564461159657883	317.5	not changed	
PAX3	LDB1	ldb1.s	3.69932306249022	-0.4947646917495779	913.5	not changed	
PAX3	TRAF7	traf7.l	3.691618203277691	-0.7403964995664796	84.5	not changed	
PAX3	TRAF7	traf7.s	3.691618203277691	-0.6436718080196153	176.0	not changed	
PAX3	SEMA3A	sema3a.l	3.675990275060661	-1.989946335336077	53.5	decreased	236.0
PAX3	SEMA3A	sema3a.s	3.675990275060661	-1.5413732321734734	53.5	decreased	236.0
PAX3	FLNA		3.6740841376311546				
PAX3	REXO4	rexo4.l	3.6723397187015103	-1.0448774921180894	1346.0	decreased	101.0
PAX3	REXO4	rexo4.s	3.6723397187015103	-0.6619599004363179	308.0	not changed	101.0
PAX3	MYC		3.663052497720304				55.0
PAX3	STOX2		3.6536179486845946				
PAX3	LRP12		3.6439207832058114				
PAX3	HOXB3	hoxb3.s	3.6312439418905327	-1.342131665610543	239.5	not changed	
PAX3	HOXB3	hoxb3.l	3.6312439418905327	-0.5165755257409059	31.0	not changed	
PAX3	CD82	cd82.l	3.625419033320133	0.3128680070129823	73.5	not changed	34.0
PAX3	CD82	cd82.s	3.625419033320133	-1.5190451897520814	285.5	decreased	34.0
PAX3	FCF1	fcf1.l	3.6241594436991975	-0.6806368830928904	1037.5	decreased	
PAX3	FCF1	fcf1.s	3.6241594436991975	0.0312509339844398	12.0	not changed	
PAX3	GFPT1	gfpt1.l	3.618496627460118	-0.7227111187655895	3247.5	decreased	
PAX3	GFPT1	gfpt1.s	3.618496627460118	0.4627192741189657	2222.5	not changed	
PAX3	ACKR3	ackr3.l	3.614650689133436	-0.3362833878644323	73.5	not changed	
PAX3	ACKR3	ackr3.s	3.614650689133436	0.7273154241324867	59.0	not changed	
PAX3	BRIX1	brix1.s	3.595341740934913	-2.0666281180782327	2420.5	decreased	
PAX3	BRIX1	brix1.l	3.595341740934913	-1.7851021152104765	616.5	decreased	
PAX3	EEF1B2	eef1b2.l	3.5586744207234693	-0.1780609711536549	526.5	not changed	
PAX3	LAMTOR3		3.547019883079046				
PAX3	CLCA4		3.492962034460936				
PAX3	EIF2S2		3.4908013380308045				
PAX3	EEF1G	eef1g.l	3.490020828915208	-0.1510517131112065	653.0	not changed	
PAX3	EEF1G	eef1g.s	3.490020828915208	-0.4582739122430427	508.5	not changed	
PAX3	CLDN7		3.489596920380803				
PAX3	SMUG1	smug1.l	3.4600918980489617	-0.4966406567417242	244.5	not changed	
PAX3	WLS		3.4548826546247677				
PAX3	PPAT	ppat.l	3.451719194975348	-2.468018384302561	2416.0	decreased	
PAX3	PPAT	ppat.s	3.451719194975348	-0.951511932039478	275.5	not changed	
PAX3	ATP13A3		3.412156095972534				
PAX3	GTPBP4		3.3668603299021447				
PAX3	GPATCH4	gpatch4.l	3.3370182277891853	-0.6769834893379737	397.0	not changed	
PAX3	GPATCH4	gpatch4.s	3.3370182277891853	0.460417402782853	50.0	not changed	
PAX3	DPY30	dpy30.l	3.3287844312255466	-1.1638248019058943	392.0	not changed	
PAX3	DPY30	dpy30.s	3.3287844312255466	-0.6610763829243334	304.0	not changed	
PAX3	CBFB		3.3165362136258474				
PAX3	FNDC3B	fndc3b.l	3.3084711487899328	0.8395353278067539	15.0	not changed	
PAX3	FNDC3B	fndc3b.s	3.3084711487899328	-0.7004397181410921	2.5	not changed	
PAX3	TTR	ttr.l	3.289166798056234	-inf	0.5	not changed	
PAX3	GRM3	grm3.s	3.280101227772438	1.0	1.0	not changed	
PAX3	TUBB2B	tubb2b.s	3.262267636738452	0.1356550993575664	10.5	not changed	
PAX3	TUBB2B	tubb2b.l	3.262267636738452	1.374663151372728	1104.0	increased	
PAX3	CBX3	cbx3.l	3.26055837317793	-0.5059929595067072	2844.5	decreased	
PAX3	CBX3	cbx3.s	3.26055837317793	-0.2274551976297778	631.5	not changed	
PAX3	SYNGR2		3.255730743897237				
PAX3	AP3D1	ap3d1.l	3.225176774265633	-0.0557094325862875	10.0	not changed	
PAX3	AP3D1	ap3d1.s	3.225176774265633	0.6414157690503363	159.0	not changed	
PAX3	UFC1		3.21145971841042				
PAX3	NSFL1C		3.2105396426370945				
PAX3	HIC2	hic2.l	3.208703961656547	-0.2272044513524242	211.5	not changed	
PAX3	HIC2	hic2.s	3.208703961656547	-0.1555925267116922	32.0	not changed	
PAX3	CFB		3.1796686034066037				119.0
PAX3	CEBPD	cebpd.s	3.15962759776672	-1.2370391973008492	9.5	not changed	
PAX3	CEBPD	cebpd.l	3.15962759776672	1.1136567817955674	35.5	not changed	
PAX3	NMD3	nmd3.l	3.152399459461114	-0.717330349961294	395.5	not changed	
PAX3	PTTG1		3.148107250518531				
PAX3	CDR2	cdr2.l	3.1332624628856096	0.7283266758923335	132.0	not changed	
PAX3	CDR2	cdr2.s	3.1332624628856096	0.1137819234047785	43.0	not changed	
PAX3	RPE65	rpe65.l	3.129520918899847	-0.2954558835261713	2.5	not changed	
PAX3	RPE65	rpe65.s	3.129520918899847	-1.6028810103076447	3559.5	decreased	
PAX3	ABCB5	abcb5.l	3.119257810462283	-0.765534746362977	10.5	not changed	
PAX3	SLIT2	slit2.l	3.1128002200191927	1.4150374992788437	470.0	not changed	
PAX3	SLIT2	slit2.s	3.1128002200191927	2.0473057147783567	94.0	increased	
PAX3	MMP14	mmp14.s	3.10250727041642	0.5880223004702143	39.5	not changed	
PAX3	MMP14	mmp14.l	3.10250727041642	-0.4537179674429036	331.5	not changed	
PAX3	EIF5B		3.101510064152823				
PAX3	SLC16A12	slc16a12.l	3.0988032246553514	0.874469117916141	85.0	not changed	91.0
PAX3	SLC16A12	slc16a12.s	3.0988032246553514	0.0	0.0	not changed	91.0
PAX3	GART		3.098715543451416				
PAX3	PBX2	pbx2.l	3.090575866289817	-0.1312560446787106	519.0	not changed	
PAX3	PBX2	pbx2.s	3.090575866289817	-0.1697774338013216	407.0	not changed	
PAX3	CYP26C1		3.085013792387997				
PAX3	HOXA7	hoxa7.l	3.0836211364153523	-1.8781232914297188	623.5	decreased	
PAX3	HOXA7	hoxa7.s	3.0836211364153523	-1.7820391084234355	941.5	decreased	
PAX3	SH3PXD2A	sh3pxd2a.s	3.08220402713372	-3.4343406376744667	569.0	decreased	
PAX3	SH3PXD2A	sh3pxd2a.l	3.08220402713372	-1.9225587723443889	647.5	decreased	
PAX3	TUT7		3.0742861199158504				
PAX3	NIFK	nifk.s	3.071895672372773	-2.027759039445962	3010.0	decreased	
PAX3	YWHAB	ywhab.l	3.0572068171258446	-0.3952071484136797	958.0	not changed	
PAX3	YWHAB	ywhab.s	3.0572068171258446	-0.39107369677207	791.5	not changed	
PAX3	NR2F1	nr2f1.l	3.0321083066813923	1.9652345818393235	30.5	not changed	31.0
PAX3	NR2F1	nr2f1.s	3.0321083066813923	0.0	0.0	not changed	31.0
PAX3	VANGL2		3.024982192506871				
PAX3	DHRS3	dhrs3.l	3.0210687125590354	-2.469848234582636	2506.0	decreased	67.0
PAX3	DHRS3	dhrs3.s	3.0210687125590354	-2.739906869478329	835.0	decreased	67.0
PAX3	ZNRD1		3.018985695162222				
PAX3	TXN	txn.l	2.98890903784611	4.994353436858858	247.0	increased	
PAX3	HNRNPH3		2.988292431488227				
PAX3	RRP9	rrp9.l	2.9708171476475	-1.0760666579155906	522.0	decreased	
PAX3	RRP9	rrp9.s	2.9708171476475	-1.0789640636294076	746.5	decreased	
PAX3	EFNB2		2.9053810365923343				
PAX3	ABCF1		2.902731039330755				
PAX3	TRMT61A	trmt61a.l	2.881420597410397	-0.4272416388659699	71.0	not changed	
PAX3	SEMA4C	sema4c.l	2.8566123138468704	0.5960563306047413	121.5	not changed	
PAX3	SEMA4C	sema4c.s	2.8566123138468704	0.2420384733418239	118.0	not changed	
PAX3	SEC23B	sec23b.l	2.8453304919571325	0.4736723857411919	780.0	not changed	
PAX3	SEC23B	sec23b.s	2.8453304919571325	-0.3581724419739522	751.0	not changed	
PAX3	GLI3	gli3.l	2.845214188106675	-1.0942886367042262	802.5	decreased	
PAX3	GLI3	gli3.s	2.845214188106675	-1.7521254013372118	504.5	decreased	
PAX3	ALX1		2.8411068930175043				
PAX3	PBX1		2.831868615413917				27.0
PAX3	R3HDM1		2.82831893833306				
PAX3	ATL3	atl3.l	2.8212066534809206	-0.0995356735509144	4.0	not changed	
PAX3	LARP1	larp1.l	2.7749532817765346	0.1455229004762756	215.5	not changed	
PAX3	LARP1	larp1.s	2.7749532817765346	0.2137636123758367	352.0	not changed	
PAX3	ITM2A	itm2a.l	2.7578915398447417	-0.3842531477798039	365.0	not changed	
PAX3	ITM2A	itm2a.s	2.7578915398447417	0.0808655961436942	139.0	not changed	
PAX3	PNISR		2.7507789778051177				
PAX3	RANBP1		2.7461966950829666				
PAX3	PRKACA		2.7314942795603367				
PAX3	DAAM1		2.7258745084713683				
PAX3	LEF1	lef1.s	2.7118358069661928	0.3942789391120465	22.0	not changed	
PAX3	LEF1	lef1.l	2.7118358069661928	0.108524456778169	10.0	not changed	
PAX3	HNRNPU		2.700346897519064				
PAX3	GNAS		2.699736524528581				
PAX3	MSI1		2.6813472079661587				
PAX3	AKIRIN1	akirin1.l	2.6780992260173337	-1.4544486309383335	1881.5	decreased	
PAX3	NPM2		2.665042199362724				
PAX3	DEK	dek.l	2.661350915879519	-0.277041263827673	651.0	not changed	
PAX3	TK1	tk1.l	2.656908447104042	-0.8344344561138883	372.0	not changed	
PAX3	TLN2		2.651655295401018				
PAX3	PAK4		2.649086179338195				
PAX3	PKDCC		2.639592514412356				
PAX3	EIF2A	eif2a.s	2.623370870009381	-1.052088511148454	182.5	not changed	
PAX3	EIF2A	eif2a.l	2.623370870009381	0.0269670476002693	2.5	not changed	
PAX3	SLC2A2	slc2a2.l	2.6173466788360225	-1.2772145424239472	4702.5	decreased	
PAX3	SLC2A2	slc2a2.s	2.6173466788360225	-0.9609304353214078	620.0	not changed	
PAX3	NLE1	nle1.s	2.612367391171168	0.0148450840162224	9.5	not changed	
PAX3	EIF3K	eif3k.l	2.6041795678324133	-2.20013961448932	1057.0	decreased	
PAX3	EIF3K	eif3k.s	2.6041795678324133	-0.7803746024990917	841.0	not changed	
PAX3	NVL	nvl.l	2.599717844847556	-0.7004397181410921	315.0	not changed	
PAX3	PRPF8		2.596084488280764				
PAX3	LPGAT1	lpgat1.l	2.594979269430062	0.956931278108114	48.0	not changed	51.0
PAX3	LPGAT1	lpgat1.s	2.594979269430062	0.7888523358311746	155.0	not changed	51.0
PAX3	COX5B		2.593623039354169				
PAX3	SMARCB1	smarcb1.l	2.5702592777146904	-0.9162971166790074	425.0	not changed	
PAX3	SMARCB1	smarcb1.s	2.5702592777146904	-1.301661418476059	1743.5	decreased	
PAX3	SERBP1		2.567679786521961				
PAX3	BTF3L4	btf3l4.l	2.5572805466856194	-0.0288019575935789	24.5	not changed	
PAX3	BTF3L4	btf3l4.s	2.5572805466856194	-0.6951454184715791	312.0	not changed	
PAX3	ATP11C		2.5564788277366026				
PAX3	ETS1		2.545151197540289				100.0
PAX3	AGPAT4		2.527384844273592				
PAX3	ZNHIT3	znhit3.l	2.525776499293957	-0.4390950508889347	219.5	not changed	
PAX3	NPM3	npm3.l	2.517368888328644	-1.0292378632033954	1805.0	decreased	
PAX3	NPM3	npm3.s	2.517368888328644	-0.0734267815634781	226.5	not changed	
PAX3	OTX1	otx1.s	2.5162390954573355	0.5763493704164482	55.0	not changed	
PAX3	OTX1	otx1.l	2.5162390954573355	1.5034326152245578	250.5	increased	
PAX3	GAR1	gar1.l	2.5039975753457715	-0.5440960085349076	1093.5	decreased	
PAX3	GAR1	gar1.s	2.5039975753457715	-0.2739936178236604	320.0	not changed	
PAX3	NARS	nars.l	2.4899035845999498	0.1702076888226406	35.5	not changed	
PAX3	NARS	nars.s	2.4899035845999498	-1.3219280948873622	66.0	not changed	
PAX3	AFAP1L1	afap1l1.l	2.4815844184305	-1.0754161449662307	211.5	not changed	
PAX3	AFAP1L1	afap1l1.s	2.4815844184305	-inf	0.5	not changed	
PAX3	SS18	ss18.l	2.473162641319889	-0.3065467121750146	317.0	not changed	
PAX3	SS18	ss18.s	2.473162641319889	0.0915969867659286	195.5	not changed	
PAX3	MYBBP1A	mybbp1a.l	2.472745044765388	-0.3120077353516648	1670.0	not changed	
PAX3	FAM136A	fam136a.s	2.453377220394446	-1.7696188114849578	400.0	decreased	
PAX3	FAM136A	fam136a.l	2.453377220394446	-1.71566619236575	132.5	decreased	
PAX3	ATP5F1E		2.4440357963328867				
PAX3	IMP4	imp4.s	2.432348628208985	-0.3975756582910751	600.0	not changed	
PAX3	GNL2	gnl2.l	2.4242666190261235	-0.5442981988566573	1693.0	decreased	
PAX3	RANGAP1		2.416968919485119				
PAX3	MTF2	mtf2.l	2.4063456035692123	-0.6035842621153649	1053.0	decreased	
PAX3	MTF2	mtf2.s	2.4063456035692123	-0.0967451600292863	100.5	not changed	
PAX3	ARID1B		2.402832443570391				
PAX3	SP7	sp7.l	2.393610668844945	0.4026972801142559	1058.5	not changed	180.0
PAX3	SP7	sp7.s	2.393610668844945	0.0468375432992245	93.5	not changed	180.0
PAX3	TUBA1C	tuba1c.s	2.3864319711551856	-0.1167603544644426	874.5	not changed	
PAX3	TUBA1C	tuba1c.l	2.3864319711551856	0.0844104520658452	324.5	not changed	
PAX3	CCT4	cct4.l	2.3764732380039697	0.806120266405965	312.5	not changed	
PAX3	CCT4	cct4.s	2.3764732380039697	-0.7464903963633605	951.5	not changed	
PAX3	PPID	ppid.l	2.3703414073141804	-1.4819390180468668	1140.5	decreased	
PAX3	PPID	ppid.s	2.3703414073141804	-0.368526363448979	957.5	not changed	
PAX3	NEIL1	neil1.l	2.369793462567916	-1.4372478901847252	722.5	decreased	
PAX3	C19ORF53		2.359332177069924				26.0
PAX3	C12ORF4	c12orf4.l	2.353605970401818	-0.1828037929404035	38.5	not changed	
PAX3	RBM19	rbm19.l	2.3410108993376206	-0.7404170193551354	560.0	not changed	
PAX3	LLPH	llph.s	2.3409620647040663	-1.116059144839277	2003.5	decreased	
PAX3	NOP10	nop10.s	2.336792546986425	-0.6837839687916979	1089.0	decreased	
PAX3	ZNF577		2.3326301028686856				
PAX3	PFAS	pfas.s	2.323055292394038	-0.6463023246192438	186.5	not changed	
PAX3	PFN1		2.3133798073100347				
PAX3	SMARCE1		2.301118663543993				
PAX3	FKBP11	fkbp11.l	2.285908398214405	-1.0089887832272546	40.5	not changed	
PAX3	FKBP11	fkbp11.s	2.285908398214405	-0.7500217469916524	7.5	not changed	
PAX3	ATG16L1	atg16l1.l	2.270322454439868	0.147068387785469	44.0	not changed	
PAX3	ATG16L1	atg16l1.s	2.270322454439868	0.180770977654104	171.0	not changed	
PAX3	NCBP2	ncbp2.l	2.267469218592363	-0.6074621947367485	910.5	not changed	
PAX3	SUPT4H1	supt4h1.l	2.2614036163255253	0.127957619478399	50.5	not changed	
PAX3	SUPT4H1	supt4h1.s	2.2614036163255253	0.0481185950244157	16.5	not changed	
PAX3	PLXNB2	plxnb2.l	2.254848370522294	-0.4351868826922525	278.5	not changed	
PAX3	PLXNB2	plxnb2.s	2.254848370522294	-0.4062136488918377	560.0	not changed	
PAX3	GPX2		2.25057676026301				
PAX3	SURF6	surf6.l	2.222811102164296	0.2890765396717852	304.5	not changed	
PAX3	AHNAK		2.2219543010053893				35.0
PAX3	TOX	tox.s	2.2206814790364646	-1.3062464726550926	109.0	not changed	
PAX3	TOX	tox.l	2.2206814790364646	-0.8875252707415874	280.5	not changed	
PAX3	TRAF4	traf4.l	2.211010381016075	-0.0389013508163919	8.5	not changed	
PAX3	TRAF4	traf4.s	2.211010381016075	-1.217230716220669	26.5	not changed	
PAX3	GADD45G	gadd45g.l	2.207592941652423	-0.8851100795720493	260.0	not changed	
PAX3	GADD45G	gadd45g.s	2.207592941652423	-1.0187772070306282	235.0	not changed	
PAX3	TTF1		2.2050074046663544				
PAX3	PNO1	pno1.l	2.1918136270737563	-0.4931436680584983	597.0	not changed	
PAX3	CCDC15		2.1821204145971147				
PAX3	NOP14	nop14.l	2.1819513728041016	-0.5775402590594623	767.5	not changed	
PAX3	SCUBE2	scube2.s	2.1816151081648547	0.955430034433744	602.0	not changed	105.0
PAX3	SCUBE2	scube2.l	2.1816151081648547	1.1126649454945494	551.0	increased	105.0
PAX3	NAA10	naa10.l	2.175286127843153	0.1336784352319693	40.0	not changed	
PAX3	NAA10	naa10.s	2.175286127843153	-1.0816177641485567	503.5	decreased	
PAX3	DPYSL2	dpysl2.l	2.1749630876072006	-2.2402036974529085	771.0	decreased	
PAX3	DPYSL2	dpysl2.s	2.1749630876072006	-1.1950159824051427	73.5	not changed	
PAX3	UTP3	utp3.l	2.171758676533267	-0.5520023019467575	227.0	not changed	
PAX3	UTP3	utp3.s	2.171758676533267	-0.4829926127541813	775.0	not changed	
PAX3	MIIP		2.1467747176549143				
PAX3	NOP2		2.145381605248688				
PAX3	WDR36	wdr36.l	2.1396734557005286	-0.9189265443785616	1006.5	decreased	
PAX3	WDR36	wdr36.s	2.1396734557005286	-0.763987412748084	306.5	not changed	
PAX3	SEMA6A	sema6a.s	2.1347133280688504	-1.0786569438749984	258.0	not changed	
PAX3	SEMA6A	sema6a.l	2.1347133280688504	0.4202855772409957	232.0	not changed	
PAX3	CD3EAP		2.1179634210533345				
PAX3	VAPA		2.115265663564533				
PAX3	ITGB1		2.113690724912235				
PAX3	NSUN4	nsun4.l	2.1102313660320657	-1.2129937233341983	14.5	not changed	
PAX3	NSUN4	nsun4.s	2.1102313660320657	-0.1963972128035034	7.0	not changed	
PAX3	METTL5	mettl5.l	2.095489462759428	-0.6981096583491826	89.0	not changed	
PAX3	TKTL2	tktl2.l	2.0894126168631657	-0.3380796074717725	319.0	not changed	
PAX3	RAB13		2.088335173667036				
PAX3	LHX5	lhx5.s	2.067679974632468	0.2410080995037949	42.0	not changed	
PAX3	LHX5	lhx5.l	2.067679974632468	1.545086481222365	1032.0	increased	
PAX3	TPD52	tpd52.l	2.0501646092024703	1.1032612677102969	340.5	not changed	
PAX3	TPD52	tpd52.s	2.0501646092024703	0.4445817748928591	78.5	not changed	
PAX3	SLU7	slu7.l	2.0420701177078784	-0.069313867734886	97.5	not changed	
PAX3	SF3B1	sf3b1.l	2.0414453013799	-0.9196373679042428	2485.0	decreased	
PAX3	SF3B1	sf3b1.s	2.0414453013799	-0.6346051969718065	3551.0	decreased	
PAX3	CCDC86		2.0355223452549045				
PAX3	ITGA5	itga5.l	2.015940656069383	0.2379644379510705	288.0	not changed	46.0
PAX3	ITGA5	itga5.s	2.015940656069383	-1.7863200100001255	556.0	decreased	46.0
PAX3	GPI	gpi.l	1.9997260224032447	-0.8314003960242551	26.5	not changed	
PAX3	ATRN		1.9984411393957409				
PAX3	IPO4	ipo4.l	1.99064185062453	-0.6313554062056074	56.0	not changed	
PAX3	CHD4		1.975449344939626				
PAX3	LSR		1.9641233631830928				
PAX3	DZIP1		1.956240874791436				
PAX3	GTSF1		1.9414744576661465				
PAX3	NEO1		1.933210672078887				
PAX3	CELSR1		1.9312605550680773				
PAX3	MRTO4	mrto4.l	1.9306469947536256	-0.5300209643270455	499.0	not changed	
PAX3	MRTO4	mrto4.s	1.9306469947536256	-0.300597294725691	372.5	not changed	
PAX3	LIPT2		1.92445372336029				
PAX3	CDH11	cdh11.l	1.923493714679576	-3.4093909361377017	192.5	decreased	
PAX3	PAQR3		1.922748573891552				
PAX3	ANXA11		1.907850181459992				
PAX3	UCMA		1.9050102733229268				
PAX3	LTV1	ltv1.l	1.89204772715767	-0.808623969235948	366.0	not changed	
PAX3	TMSB4X		1.8910741745263069				
PAX3	SCHIP1		1.89085251280296				
PAX3	GPM6B		1.8858524139890205				
PAX3	CLMP	clmp.l	1.8604685011773745	-2.347923303420307	45.0	not changed	
PAX3	EEF2		1.8601214808142037				
PAX3	HGS	hgs.l	1.8585314478040391	-0.3609258119477693	305.0	not changed	
PAX3	UQCR11		1.8564044486658244				
PAX3	UGCG	ugcg.l	1.8563467049583813	-0.0151598071710057	1.5	not changed	
PAX3	CNN2		1.852188317497718				
PAX3	NOM1	nom1.l	1.8482474389448853	-0.1172034456137889	87.0	not changed	
PAX3	WDFY1		1.8422742535182688				
PAX3	ENTPD7	entpd7.l	1.833547305020769	-0.4998809998313882	282.0	not changed	
PAX3	PTBP1		1.833162694567367				
PAX3	DDX55	ddx55.s	1.830250750057352	-0.9424191426105216	453.5	not changed	
PAX3	RAD54L2	rad54l2.l	1.8219249904288328	0.1771930019063515	115.0	not changed	
PAX3	RAD54L2	rad54l2.s	1.8219249904288328	1.0089386595791197	814.5	increased	
PAX3	UGDH		1.8078180456928763				
PAX3	NAV2		1.806172363369944				93.0
PAX3	PRDX3	prdx3.l	1.8049131242153007	-0.8744691179161412	390.0	not changed	
PAX3	PRDX3	prdx3.s	1.8049131242153007	-0.2141248053528475	8.0	not changed	
PAX3	FTSJ3	ftsj3.s	1.8027665039412857	-1.6618312641054267	290.0	decreased	
PAX3	FTSJ3	ftsj3.l	1.8027665039412857	-0.7531087866540322	1401.0	decreased	
PAX3	DHFR	dhfr.s	1.8024155117939071	2.736965594166206	17.0	not changed	
PAX3	RPF2	rpf2.s	1.800291368971095	-0.9105744282815984	2133.5	decreased	
PAX3	MTHFD1L	mthfd1l.l	1.7977052100045894	-0.7227771512872395	365.5	not changed	
PAX3	TRA2A		1.7890424043528836				
PAX3	RAB2A	rab2a.l	1.7888856608838044	-0.0335385302844203	69.5	not changed	
PAX3	RAB2A	rab2a.s	1.7888856608838044	-0.1995758079805695	181.0	not changed	
PAX3	DIAPH3	diaph3.l	1.787673678705835	-0.658963082164933	11.0	not changed	
PAX3	LIN9	lin9.l	1.787160971396223	0.1325240855048249	16.5	not changed	
PAX3	LIN9	lin9.s	1.787160971396223	-0.0344238306035252	8.5	not changed	
PAX3	CLDN6		1.782722236388932				
PAX3	LMF2	lmf2.s	1.77820047788818	-1.3606717961622952	265.0	not changed	
PAX3	LMF2	lmf2.l	1.77820047788818	-0.7404800783424429	82.5	not changed	
PAX3	APCDD1		1.7772484097709107				
PAX3	PTPRD		1.767318159435305				
PAX3	MARCKS	marcks.l	1.7646341286986529	-0.4256352730265192	1646.5	not changed	97.0
PAX3	MARCKS	marcks.s	1.7646341286986529	-0.5348141287574215	3065.0	decreased	97.0
PAX3	RBM34	rbm34.l	1.7497308856989882	-0.8270243331140944	1168.0	decreased	
PAX3	LDLRAD2	ldlrad2.l	1.7455655488660424	1.2016338611696504	26.0	not changed	
PAX3	LDLRAD2	ldlrad2.s	1.7455655488660424	-1.523561956057013	7.5	not changed	
PAX3	POU2F1		1.745274513349598				
PAX3	VARS	vars.l	1.725634525580896	-0.8401509672477624	599.0	not changed	
PAX3	VARS	vars.s	1.725634525580896	-1.5568936184389706	1008.0	decreased	
PAX3	CCNA2	ccna2.s	1.723863516059163	-0.2584516585458123	149.5	not changed	
PAX3	CCNA2	ccna2.l	1.723863516059163	-0.3214457763758587	448.0	not changed	
PAX3	PLCL2	plcl2.l	1.7229300460730124	-0.4405725913859815	15.0	not changed	
PAX3	PLCL2	plcl2.s	1.7229300460730124	1.584962500721156	2.0	not changed	
PAX3	WIPF2		1.720167596308292				
PAX3	MTHFD2	mthfd2.l	1.7161419379934664	-0.5671701611641932	1139.5	decreased	
PAX3	MTHFD2	mthfd2.s	1.7161419379934664	-0.1589619516861073	106.0	not changed	
PAX3	RRM2		1.7116824117972265				
PAX3	SRSF5	srsf5.l	1.708350875142205	-0.2962215775065805	1288.0	not changed	
PAX3	SRSF5	srsf5.s	1.708350875142205	0.2707805845295791	4538.0	not changed	
PAX3	RARA	rara.l	1.7045108034242151	-0.078777113384117	11.0	not changed	
PAX3	RARA	rara.s	1.7045108034242151	-0.6452317135155596	709.5	not changed	
PAX3	NOP53		1.7021945210163631				
PAX3	SMO	smo.s	1.701562714470025	-0.1550845101314113	69.0	not changed	
PAX3	SMO	smo.l	1.701562714470025	-2.259091779184877	2052.5	decreased	
PAX3	MICALL1	micall1.l	1.70057032148695	1.0	8.0	not changed	
PAX3	MICALL1	micall1.s	1.70057032148695	-0.5986374376182328	18.0	not changed	
PAX3	PRRC2C	prrc2c.l	1.6924716921670064	-0.1551838313104667	460.5	not changed	
PAX3	PRRC2C	prrc2c.s	1.6924716921670064	0.0259136078782702	51.5	not changed	
PAX3	LAMC1	lamc1.l	1.692289593740948	0.0790936938047623	98.0	not changed	
PAX3	LAMC1	lamc1.s	1.692289593740948	0.0967206579438603	41.5	not changed	
PAX3	KPNA4	kpna4.l	1.6898853392659463	-0.3819343888945189	638.0	not changed	
PAX3	KPNA4	kpna4.s	1.6898853392659463	-0.1663317367183041	262.0	not changed	
PAX3	FBXO46		1.6898587900464923				
PAX3	MANF	manf.s	1.685006695393677	-1.6837406551993297	562.0	decreased	
PAX3	MANF	manf.l	1.685006695393677	-0.6716011802576289	977.0	not changed	
PAX3	MLST8	mlst8.l	1.6828920970149988	0.1007629769349167	8.5	not changed	
PAX3	GNAI1	gnai1.s	1.6823972316389153	-0.762289750526073	401.0	not changed	
PAX3	GNAI1	gnai1.l	1.6823972316389153	-0.3283164228499099	345.5	not changed	
PAX3	ASMTL	asmtl.l	1.6645368539256065	-0.9835118772114309	172.0	not changed	
PAX3	MPHOSPH10	mphosph10.l	1.6593367824827865	-0.495597291895787	1328.5	not changed	
PAX3	ITGA6	itga6.l	1.6536574417838734	0.3572330477559815	697.5	not changed	
PAX3	ITGA6	itga6.s	1.6536574417838734	-0.8103387804964255	52.0	not changed	
PAX3	CDC20		1.652955106028107				
PAX3	TET2	tet2.l	1.651476085277272	2.173430944943848	240.5	increased	
PAX3	TET2	tet2.s	1.651476085277272	1.0265942100117131	111.5	not changed	
PAX3	SF3A1		1.6513518333238335				
PAX3	CLTC	cltc.s	1.6481635489848838	-0.3947322158009603	903.5	not changed	
PAX3	CLTC	cltc.l	1.6481635489848838	0.091088713921443	113.5	not changed	
PAX3	PCF11	pcf11.s	1.6418941223514807	-0.1008218949118056	211.0	not changed	
PAX3	TMSB15A		1.6407967064931306				
PAX3	ELOB		1.6390279825232732				
PAX3	VRK1	vrk1.l	1.6386574075228248	-0.777607578663552	75.0	not changed	
PAX3	VRK1	vrk1.s	1.6386574075228248	-0.2673908108779299	101.0	not changed	
PAX3	NID2	nid2.l	1.624532353385232	-0.5775881731845085	933.5	not changed	109.0
PAX3	NID2	nid2.s	1.624532353385232	0.7085371858396886	26.0	not changed	109.0
PAX3	WDR46	wdr46.l	1.619915877042952	-0.6143234044908772	809.0	not changed	
PAX3	WDR46	wdr46.s	1.619915877042952	-0.5212631217737694	154.5	not changed	
PAX3	HNRNPC		1.6167926022737342				
PAX3	EIF3G		1.612649179888212				
PAX3	HSBP1	hsbp1.l	1.6126372673953124	-0.9810667224827982	747.0	not changed	
PAX3	HSBP1	hsbp1.s	1.6126372673953124	-1.5370280236574545	194.0	decreased	
PAX3	USP6NL		1.610544276438299				
PAX3	ANAPC15	anapc15.l	1.6014641901872642	-3.115477217419936	46.0	not changed	
PAX3	ANAPC15	anapc15.s	1.6014641901872642	-0.5657079436412109	84.5	not changed	
PAX3	MTMR8		1.5953964291479592				
PAX3	AHI1		1.5937745208133298				
PAX3	SOX9	sox9.s	1.5864253009372111	-3.1603601374067782	3605.0	decreased	
PAX3	ZSWIM4	zswim4.l	1.5804796171871285	0.5955590181387502	427.5	not changed	26.0
PAX3	DBN1		1.575116104888777				
PAX3	LAS1L		1.5698289503446594				
PAX3	KPNB1	kpnb1.s	1.5654073413310452	-0.6111821236273864	383.5	not changed	
PAX3	KPNB1	kpnb1.l	1.5654073413310452	-0.3473107547432209	343.5	not changed	
PAX3	SLC29A1		1.5568227376318264				
PAX3	TCF7L1	tcf7l1.l	1.5559990217359911	1.9396994897321855	727.5	increased	
PAX3	TCF7L1	tcf7l1.s	1.5559990217359911	1.3517633244281255	312.0	not changed	
PAX3	SPRED2	spred2.l	1.5540410044057456	-0.1093166943434998	81.0	not changed	
PAX3	SPRED2	spred2.s	1.5540410044057456	0.4745385110275057	55.5	not changed	
PAX3	SRPK1	srpk1.s	1.5522953232953185	0.2622884690231278	450.0	not changed	
PAX3	ARID1A		1.5518646340311415				
PAX3	ZCCHC14	zcchc14.l	1.5471025185884464	0.0	0.0	not changed	
PAX3	MBD5	mbd5.s	1.5381576918326798	-0.3444603082397244	116.5	not changed	
PAX3	MBD5	mbd5.l	1.5381576918326798	-0.0711010669491926	19.5	not changed	
PAX3	CAPN7		1.536000236279775				
PAX3	DDX51		1.5310954973041195				
PAX3	ABCE1	abce1.l	1.5302302912851828	-1.1463664269946474	3330.0	decreased	
PAX3	ABCE1	abce1.s	1.5302302912851828	-0.4277227589099591	508.0	not changed	
PAX3	TMEM116	tmem116.l	1.523386289755692	0.9344116583724232	20.5	not changed	79.0
PAX3	TMEM116	tmem116.s	1.523386289755692	-0.6795993748592315	35.5	not changed	79.0
PAX3	KRT15		1.522801857163855				
PAX3	PDCD11		1.520916224329602				
PAX3	FBL	fbl.l	1.520071061346333	-0.4471211914278525	2690.0	not changed	
PAX3	FBL	fbl.s	1.520071061346333	-0.3647800430396106	1261.5	not changed	
PAX3	FLOT1	flot1.s	1.517608074521307	-0.7819499970344419	447.5	not changed	
PAX3	FLOT1	flot1.l	1.517608074521307	-0.619457054256611	657.5	not changed	
PAX3	LATS2	lats2.l	1.5030392048851773	0.8376177607749508	122.0	not changed	
PAX3	LATS2	lats2.s	1.5030392048851773	1.3810901673555065	138.0	not changed	
PAX3	NOL8		1.5001931307213134				
PAX3	PPAN	ppan.l	1.4992320075593066	0.0905582188621492	55.0	not changed	
PAX3	PPAN	ppan.s	1.4992320075593066	-0.4258529063273903	587.5	not changed	
PAX3	CAB39L		1.4963522485236682				
PAX3	EIF6	eif6.l	1.4915162839187217	0.0173428990456338	16.0	not changed	
PAX3	EIF6	eif6.s	1.4915162839187217	0.1047754655948543	83.5	not changed	
PAX3	SEPT2	sept2.l	1.488806207445752	-0.0995356735509144	92.5	not changed	
PAX3	SEPT2	sept2.s	1.488806207445752	-0.7061526394809634	379.5	not changed	
PAX3	LTA4H	lta4h.l	1.4881158477306222	-1.471589783911176	590.5	decreased	
PAX3	TAOK2		1.482991712472046				
PAX3	BTF3	btf3.l	1.4756336450989227	-0.7879248696490655	1063.0	decreased	
PAX3	BTF3	btf3.s	1.4756336450989227	-0.8381795104246047	1110.0	decreased	
PAX3	SLC25A11	slc25a11.l	1.4710707874791835	0.773724144176324	88.0	not changed	
PAX3	DNASE1L3		1.4623281651642177				
PAX3	BRINP2		1.4547851197908068				
PAX3	POLR1A	polr1a.l	1.453004697631097	0.4334957381443607	401.5	not changed	
PAX3	LRRC8E	lrrc8e.l	1.4479144644329849	-0.3798671150924572	739.5	not changed	
PAX3	KIF1C		1.4472404789444713				
PAX3	SMYD4	smyd4.l	1.446239566529869	-1.7990873060740036	62.0	decreased	
PAX3	TIMM8B	timm8b.l	1.44384562695466	-1.398549376490275	360.0	not changed	
PAX3	TIMM8B	timm8b.s	1.44384562695466	-1.687324218350834	151.0	decreased	
PAX3	PPIL2	ppil2.s	1.4426310739066586	-1.046151965889624	1826.5	decreased	
PAX3	CSNK2B	csnk2b.l	1.4384325018722064	-0.3867544397970098	825.5	not changed	
PAX3	CSNK2B	csnk2b.s	1.4384325018722064	-0.2829169554726539	503.5	not changed	
PAX3	RSL24D1		1.4344926734948238				
PAX3	GTF2H3	gtf2h3.l	1.4337598327884595	-1.386058432307078	426.0	not changed	
PAX3	EFS	efs.l	1.4276939595138962	-0.3776706468143589	197.5	not changed	
PAX3	EFS	efs.s	1.4276939595138962	0.0545372840094324	11.5	not changed	
PAX3	FHOD1	fhod1.l	1.4274956512113366	-0.0382700169277172	5.0	not changed	
PAX3	FHOD1	fhod1.s	1.4274956512113366	1.1926450779423958	9.0	not changed	
PAX3	SH3BP4	sh3bp4.l	1.42717936837076	1.2827302071747135	903.5	increased	56.0
PAX3	SH3BP4	sh3bp4.s	1.42717936837076	0.8586193942952103	697.0	not changed	56.0
PAX3	FYB2		1.4265565259951996				
PAX3	RAB30	rab30.l	1.424191472984787	-0.5849625007211563	0.5	not changed	
PAX3	RAB30	rab30.s	1.424191472984787	-3.523561956057013	10.5	not changed	
PAX3	TCIM		1.423995748256553				
PAX3	C8ORF59		1.4226007043359867				
PAX3	COL4A5		1.419387488853208				
PAX3	NOL7		1.4183178162494334				
PAX3	HOXA3	hoxa3.l	1.4009127774974612	0.0460696486959847	5.5	not changed	
PAX3	HOXA3	hoxa3.s	1.4009127774974612	0.1926450779423958	32.5	not changed	
PAX3	TMA16		1.3911115482010423				
PAX3	U2AF1		1.3885907493212837				
PAX3	CBFA2T2		1.3875799181333732				76.0
PAX3	PWP1		1.3858869881244502				
PAX3	PABPC1	pabpc1.l	1.3844773467715492	-2.2210016386589877	6244.0	decreased	
PAX3	PABPC1	pabpc1.s	1.3844773467715492	-0.4964427488248525	13297.0	decreased	
PAX3	FXR1		1.3836739415548691				
PAX3	XRN2	xrn2.l	1.3821425815981772	-0.9176353369893668	1934.5	decreased	
PAX3	XRN2	xrn2.s	1.3821425815981772	-1.9440789091025892	3286.5	decreased	
PAX3	PGAM5	pgam5.l	1.380949696160458	-0.001638495395754	0.5	not changed	
PAX3	PGAM5	pgam5.s	1.380949696160458	-1.1892040639371952	571.0	decreased	
PAX3	HNRNPAB	hnrnpab.s	1.371038482701172	-0.7831692472356415	13065.0	decreased	
PAX3	PCBP3		1.3695554241109216				
PAX3	MINDY4		1.368936318653728				
PAX3	INKA1		1.3688936326913763				
PAX3	B4GALT1		1.3658885254323865				
PAX3	NXN	nxn.l	1.3586697758716813	-0.7468133801225532	99.0	not changed	
PAX3	NXN	nxn.s	1.3586697758716813	-0.7986691941913817	88.0	not changed	
PAX3	SIAH1	siah1.l	1.3572490643426642	-0.8374469872140402	240.0	not changed	
PAX3	SIAH1	siah1.s	1.3572490643426642	0.0358007214278467	20.0	not changed	
PAX3	TAF6		1.352761065601736				
PAX3	IL6ST	il6st.l	1.3504607857540447	-0.0718285642419964	75.5	not changed	
PAX3	HIP1	hip1.l	1.3497242633434663	-0.7343401247593828	36.5	not changed	
PAX3	HIP1	hip1.s	1.3497242633434663	-0.2895066171949848	2.0	not changed	
PAX3	SLC2A1		1.3462521996379735				
PAX3	NOC3L	noc3l.s	1.3414913250967782	-0.1069280529423081	308.5	not changed	
PAX3	SLC26A9	slc26a9.s	1.3303908239905482	0.84799690655495	12.0	not changed	
PAX3	SLC26A9	slc26a9.l	1.3303908239905482	1.2937312030567103	22.5	not changed	
PAX3	EIF4A2	eif4a2.l	1.3296873229768074	-1.475108418133261	2355.0	decreased	
PAX3	DNAJC9	dnajc9.l	1.326984699091409	0.4048417321729553	23.0	not changed	
PAX3	POLR2L		1.3237542273807752				
PAX3	SNRNP70	snrnp70.l	1.314732121619226	-2.320322535797383	11492.0	decreased	
PAX3	SNRNP70	snrnp70.s	1.314732121619226	-0.8739342653412413	4697.0	decreased	
PAX3	GLRX5	glrx5.l	1.3141956316868773	-0.4169246088231093	64.0	not changed	
PAX3	GLRX5	glrx5.s	1.3141956316868773	-0.411540825660147	187.5	not changed	
PAX3	SIX4	six4.l	1.3098956548915852	0.3344915563512746	179.0	not changed	74.0
PAX3	SIX4	six4.s	1.3098956548915852	0.289506617194985	52.0	not changed	74.0
PAX3	GRP		1.308752894703447				
PAX3	ARHGAP32		1.3083518571342614				
PAX3	ILF3		1.3071417386763022				
PAX3	OGDH		1.3053551497280889				
PAX3	ALK		1.302699885559352				
PAX3	TMEM230		1.2997888769990666				
PAX3	CTSL		1.2969537200463126				
PAX3	FAM69C	fam69c.l	1.293658874687443	-0.0544477840223764	1.5	not changed	
PAX3	FAM69C	fam69c.s	1.293658874687443	-0.1963972128035034	3.5	not changed	
PAX3	CELF1		1.2927391583948966				
PAX3	WDR76		1.2876282316144432				
PAX3	CYP20A1	cyp20a1.l	1.2809361344606784	-1.1863607035764456	532.0	decreased	
PAX3	CYP20A1	cyp20a1.s	1.2809361344606784	-2.3779335046161045	403.0	decreased	
PAX3	SAFB2		1.2799903420783607				
PAX3	ASAP1	asap1.l	1.2724389435062686	1.9114633253983424	58.0	increased	
PAX3	ASAP1	asap1.s	1.2724389435062686	0.9219974879987268	17.0	not changed	
PAX3	FTH1		1.265584365778624				
PAX3	TXNDC5	txndc5.l	1.2649629395881428	0.1606065929095958	94.5	not changed	
PAX3	TXNDC5	txndc5.s	1.2649629395881428	-0.4508696051338732	62.0	not changed	
PAX3	RCOR1	rcor1.l	1.263381927712142	-0.819151349521451	465.5	not changed	
PAX3	RCOR1	rcor1.s	1.263381927712142	0.6231857177747044	436.0	not changed	
PAX3	PTK2		1.2556202789720867				187.0
PAX3	TAF4		1.2522509371967792				
PAX3	TFDP1		1.246523347804212				
PAX3	TBC1D8	tbc1d8.s	1.2425312348289397	1.2085866218114174	29.5	not changed	
PAX3	TBC1D8	tbc1d8.l	1.2425312348289397	1.874469117916141	8.0	not changed	
PAX3	DPYSL3	dpysl3.l	1.241381442504021	-2.4353861446706464	485.0	decreased	
PAX3	DPYSL3	dpysl3.s	1.241381442504021	-0.3123843222164914	22.0	not changed	
PAX3	SNRPB	snrpb.l	1.2386462210499336	-0.3735583894078931	1346.5	not changed	
PAX3	SNRPB	snrpb.s	1.2386462210499336	-0.4036001867936273	511.0	not changed	
PAX3	RNF13	rnf13.l	1.2375661095052537	-1.076733178527521	431.5	not changed	
PAX3	RNF13	rnf13.s	1.2375661095052537	-0.0667162219957366	19.5	not changed	
PAX3	SHMT2	shmt2.l	1.2298691850872996	-0.9669711996125294	232.0	not changed	
PAX3	SHMT2	shmt2.s	1.2298691850872996	-1.2278059175228122	204.0	not changed	
PAX3	NDUFB4	ndufb4.l	1.226416649299	0.0406419844973457	1.0	not changed	
PAX3	NDUFB4	ndufb4.s	1.226416649299	1.1943780451668513	67.0	not changed	
PAX3	NSUN5	nsun5.l	1.225814070399153	0.2282068172807055	97.0	not changed	
PAX3	RAP1GDS1		1.2211084874206035				
PAX3	TENM4	tenm4.l	1.220708821708163	1.448460500816294	83.0	not changed	
PAX3	TENM4	tenm4.s	1.220708821708163	0.9051903066186792	123.5	not changed	
PAX3	DNMT1	dnmt1.l	1.220200002408787	-0.2987133813116121	49.0	not changed	
PAX3	DNMT1	dnmt1.s	1.220200002408787	-0.5886010777845045	133.0	not changed	
PAX3	UBB		1.2179928774671815				
PAX3	ATP5MC3		1.2160471784481242				
PAX3	CELSR2	celsr2.l	1.2152528312154631	-0.7127613259576864	1083.0	decreased	
PAX3	CELSR2	celsr2.s	1.2152528312154631	-0.9627952086489976	1034.5	decreased	
PAX3	COX6C	cox6c.l	1.215154511175473	-1.1075284643044452	145.5	not changed	
PAX3	COX6C	cox6c.s	1.215154511175473	-0.6029482461945186	289.5	not changed	
PAX3	BUB1	bub1.l	1.2144545400179791	-0.6844274001524611	275.0	not changed	
PAX3	CMTM7	cmtm7.l	1.2134086311267565	-0.1573979035661494	40.0	not changed	
PAX3	CMTM7	cmtm7.s	1.2134086311267565	2.263034405833794	9.5	not changed	
PAX3	ATP6V1D	atp6v1d.l	1.2110195880435417	0.7032824679099174	49.0	not changed	
PAX3	ATP6V1D	atp6v1d.s	1.2110195880435417	-1.0356239097307214	31.5	not changed	
PAX3	FGFR4	fgfr4.l	1.2085238450753732	-0.1140399121544645	305.0	not changed	
PAX3	FGFR4	fgfr4.s	1.2085238450753732	0.0280143761695964	53.5	not changed	
PAX3	DOHH		1.207693358491814				
PAX3	PET100		1.2052256157393189				
PAX3	UBTD2	ubtd2.l	1.2045071394310074	-0.544630406685938	61.0	not changed	
PAX3	UBTD2	ubtd2.s	1.2045071394310074	-0.8073549220576042	9.0	not changed	
PAX3	SSRP1		1.204195080239829				
PAX3	MFSD9	mfsd9.l	1.2037723579397963	0.1166865636861994	42.5	not changed	
PAX3	MDK		1.2028802831018366				
PAX3	UBXN1		1.2003599244063043				
PAX3	ABRACL		1.199847271655392				
PAX3	DIRC2	dirc2.l	1.199411737425018	1.509364881826997	102.5	increased	
PAX3	DIRC2	dirc2.s	1.199411737425018	-1.2604791124438028	723.0	decreased	
PAX3	LSM14A		1.1986598841880094				
PAX3	MTERF3		1.1976767507758117				
PAX3	CSNK1A1		1.189005757793366				
PAX3	AZIN1	azin1.l	1.186941536634496	0.7643717515068579	969.0	not changed	
PAX3	AZIN1	azin1.s	1.186941536634496	0.5135372190712952	476.5	not changed	
PAX3	NIP7	nip7.l	1.1845517708374584	-0.4142610914885261	695.5	not changed	
PAX3	LAMA5		1.1825642890442587				18.0
PAX3	CACHD1		1.1821495097344146				
PAX3	CACNA1A		1.181020367187207				
PAX3	PIM1	pim1.l	1.1797017427119392	-0.4527528400774943	297.5	not changed	28.0
PAX3	PIM1	pim1.s	1.1797017427119392	0.4294449230998695	380.0	not changed	28.0
PAX3	C1QBP		1.1699185154734546				
PAX3	PPP5C	ppp5c.l	1.1663531645169984	-0.0230222179158539	12.0	not changed	
PAX3	PPP5C	ppp5c.s	1.1663531645169984	0.0168738185643961	7.5	not changed	
PAX3	PPP2R5A	ppp2r5a.l	1.1633079211737924	0.5658455096255395	188.5	not changed	
PAX3	PPP2R5A	ppp2r5a.s	1.1633079211737924	0.0403577376161409	4.0	not changed	
PAX3	SLC25A44	slc25a44.l	1.1607300135593932	-0.6494388022502435	240.5	not changed	
PAX3	SLC25A44	slc25a44.s	1.1607300135593932	0.968790040611649	246.0	not changed	
PAX3	GSE1		1.1604819464478733				195.0
PAX3	SRA1	sra1.l	1.1602605959979322	-1.1040392786729194	1556.5	decreased	
PAX3	SRA1	sra1.s	1.1602605959979322	0.0365258760251138	4.0	not changed	
PAX3	PLS3	pls3.l	1.1560971646440004	-0.1039957525845563	51.5	not changed	
PAX3	PLS3	pls3.s	1.1560971646440004	-1.4884905255840448	758.5	decreased	
PAX3	ADAM19	adam19.s	1.15549669477979	0.8395353278067539	7.5	not changed	
PAX3	SLC27A3		1.1507401899783198				
PAX3	SLC25A38	slc25a38.l	1.1462022245611156	1.9247118726957628	82.5	increased	
PAX3	SLC25A38	slc25a38.s	1.1462022245611156	-inf	3.0	not changed	
PAX3	METAP2	metap2.l	1.1450167040032306	-0.4030744652994823	605.0	not changed	
PAX3	METAP2	metap2.s	1.1450167040032306	-0.8923508802386444	518.0	not changed	
PAX3	ZNF646		1.143087960458216				
PAX3	HNRNPA0	hnrnpa0.s	1.1405570091921955	-0.467626457126847	2089.5	not changed	
PAX3	COMMD9	commd9.l	1.1361408209626342	1.2895066171949852	13.0	not changed	
PAX3	SYNCRIP	syncrip.l	1.1340990333789631	-0.270500945465475	881.0	not changed	
PAX3	SYNCRIP	syncrip.s	1.1340990333789631	0.0268471215217689	272.0	not changed	
PAX3	STK3		1.1334570852461374				
PAX3	PMM1	pmm1.l	1.1316375306490902	0.852569636344774	141.0	not changed	
PAX3	PRMT3		1.1312869781662942				
PAX3	SERINC3	serinc3.l	1.1247124515150917	0.781937832162285	179.5	not changed	
PAX3	PPP2R3B	ppp2r3b.l	1.1216896373702638	0.0597062461242676	7.5	not changed	
PAX3	VIM	vim.l	1.1206103548248665	-2.4509215532722526	4834.0	decreased	
PAX3	VIM	vim.s	1.1206103548248665	-1.0042040681742304	258.5	not changed	
PAX3	SIK3		1.1197101422002376				
PAX3	SUPT6H	supt6h.s	1.1159913204317566	-1.1123983721307291	1509.5	decreased	
PAX3	SUPT6H	supt6h.l	1.1159913204317566	-1.2153029965501283	404.5	not changed	
PAX3	PLXNB1	plxnb1.l	1.1094447050607028	0.4627184761326389	211.0	not changed	
PAX3	PLXNB1	plxnb1.s	1.1094447050607028	0.277509994361497	319.0	not changed	
PAX3	SEC11C	sec11c.l	1.10938833467934	-0.3219280948873623	5.5	not changed	
PAX3	SEC11C	sec11c.s	1.10938833467934	-0.2244939439817357	16.5	not changed	
PAX3	OGFR		1.1061843864755605				
PAX3	LGMN	lgmn.l	1.098650561489774	-2.350497247084133	41.0	not changed	
PAX3	LGMN	lgmn.s	1.098650561489774	-1.5283789723547887	24.5	not changed	
PAX3	ADNP	adnp.l	1.0981297405496877	-0.2322869658086417	330.0	not changed	
PAX3	ADNP	adnp.s	1.0981297405496877	-0.2070394860236084	239.5	not changed	
PAX3	DACT1	dact1.s	1.0980215241399574	-1.0170735133589417	752.5	decreased	
PAX3	DACT1	dact1.l	1.0980215241399574	-0.8954694165286932	880.0	not changed	
PAX3	PHRF1		1.09438442303045				
PAX3	THAP9		1.0916720132738411				
PAX3	ZNF653		1.0883348054645638				152.0
PAX3	EMC1	emc1.l	1.0816473849246957	-1.8002304876242228	216.0	decreased	
PAX3	EMC1	emc1.s	1.0816473849246957	0.0892843158735159	108.5	not changed	
PAX3	NAT10	nat10.l	1.079766435764045	-0.9931838905580403	1313.5	decreased	
PAX3	CYCS	cycs.l	1.074827730216848	-0.7120744186244954	436.5	not changed	
PAX3	CYCS	cycs.s	1.074827730216848	-1.602453680007285	3144.5	decreased	
PAX3	POLR1B		1.0746805775156216				
PAX3	RWDD1		1.0721824568093947				
PAX3	SBF2		1.0694975858237226				
PAX3	GLDC	gldc.s	1.0651033227833258	-0.2314946284437004	137.5	not changed	
PAX3	STIP1		1.0647050128461455				
PAX3	JPT1		1.0644824686109606				
PAX3	COQ6	coq6.l	1.0625336976932631	-0.3180757693917558	18.5	not changed	
PAX3	COQ6	coq6.s	1.0625336976932631	-0.2141248053528475	4.0	not changed	
PAX3	PKD2	pkd2.l	1.062400066740159	0.0530390106468141	27.0	not changed	
PAX3	SNRPG	snrpg.l	1.05952641790144	-1.733697880332295	514.0	decreased	
PAX3	SNRPG	snrpg.s	1.05952641790144	-0.5967848433881671	975.5	not changed	
PAX3	HNRNPL	hnrnpl.l	1.058311339964412	-0.2831962925995809	2875.5	not changed	
PAX3	HNRNPL	hnrnpl.s	1.058311339964412	0.0896599188611329	589.0	not changed	
PAX3	LFNG	lfng.s	1.0561875655095527	0.3195930066394332	276.0	not changed	
PAX3	LFNG	lfng.l	1.0561875655095527	-0.6886603398070701	503.5	not changed	
PAX3	ROMO1		1.0520356327769584				
PAX3	SMC4		1.0494346046611396				
PAX3	JUP	jup.l	1.0492946852553988	-0.003681017227967	3.5	not changed	
PAX3	JUP	jup.s	1.0492946852553988	1.0562869453671615	909.0	increased	
PAX3	CCNB3	ccnb3.l	1.0488280322061676	0.5774907960709605	540.0	not changed	105.0
PAX3	CCNB3	ccnb3.s	1.0488280322061676	1.0100274602875952	1163.0	increased	105.0
PAX3	GSTO1	gsto1.s	1.0464860559820337	2.2334901302197787	68.5	increased	
PAX3	ARHGEF16	arhgef16.l	1.0464793077225474	-0.0004038334640473	0.5	not changed	89.0
PAX3	ARHGEF16	arhgef16.s	1.0464793077225474	1.6129768768907526	35.0	not changed	89.0
PAX3	DNAJC19	dnajc19.l	1.0460202227985302	0.4227287356748543	207.0	not changed	
PAX3	ARF4	arf4.s	1.0459187348148322	-0.0380071112247776	146.5	not changed	
PAX3	COL18A1	col18a1.l	1.0420441044742013	-0.055810862968506	85.0	not changed	
PAX3	COL18A1	col18a1.s	1.0420441044742013	-0.131040863476137	102.5	not changed	
PAX3	UQCRC2	uqcrc2.l	1.0403169016786784	0.1548611289874261	40.0	not changed	
PAX3	UQCRC2	uqcrc2.s	1.0403169016786784	-0.3104931998250787	36.5	not changed	
PAX3	SKP2	skp2.l	1.0394179064488205	-0.2854022188622484	185.5	not changed	
PAX3	MYCBP2		1.0386231424730783				
PAX3	SNAI2		1.037520986931174				44.0
PAX3	ATP6V1A		1.0359162612801605				
PAX3	LIG1	lig1.l	1.0340595690511962	0.1582620839167324	24.0	not changed	
PAX3	GTF2H2	gtf2h2.s	1.0313807925267426	0.4596740272812162	101.5	not changed	
PAX3	IRF6	irf6.s	1.030693130429155	-1.5979793863879903	1342.0	decreased	
PAX3	IRF6	irf6.l	1.030693130429155	-0.6229303509201767	121.5	not changed	
PAX3	SMTN		1.0276206084324513				
PAX3	CFH		1.0245766864136896				74.0
PAX3	GABPB2		1.0242678812629598				
PAX3	POLR1D		1.019099410587501				
PAX3	YEATS4	yeats4.l	1.0175454937945392	-0.1134064933041447	250.0	not changed	
PAX3	YEATS4	yeats4.s	1.0175454937945392	-2.0518817916981957	311.5	decreased	
PAX3	EIF2B5	eif2b5.s	1.0121985251680676	-0.4258075835346986	126.0	not changed	
PAX3	ZNHIT6		1.011424118547858				
PAX3	TIMM9	timm9.l	1.0112406871528314	-0.3203897669923058	140.0	not changed	
PAX3	TIMM9	timm9.s	1.0112406871528314	-2.076815597050831	51.5	decreased	
PAX3	UPF2	upf2.s	1.0051715627553663	-0.5396334599166849	459.5	not changed	59.0
PAX3	UPF2	upf2.l	1.0051715627553663	-0.6553518286125541	23.0	not changed	59.0
PAX3	SEC61B	sec61b.l	1.003571712585963	-0.3878809020023389	1617.0	not changed	
PAX3	TMBIM1	tmbim1.l	1.001654473047627	-0.4993537852123192	67.0	not changed	
PAX3	TMBIM1	tmbim1.s	1.001654473047627	1.3923174227787602	13.0	not changed	
PAX3	WDR74	wdr74.l	1.001376270012588	-1.1687101002834532	659.0	decreased	
PAX3	ATP8B2		0.9994558073728677				
PAX3	CAD		0.9965801422345608				
PAX3	NEFM	nefm.l	0.9885993214271565	-2.700439718141092	5.5	not changed	
PAX3	NEFM	nefm.s	0.9885993214271565	1.584962500721156	2.0	not changed	
PAX3	RFC4	rfc4.l	0.9842755260057648	-0.2271498701352625	29.5	not changed	
PAX3	APLP2		0.9828479766246886				
PAX3	MPC1	mpc1.s	0.9823862017584734	-0.4819194631067314	280.0	not changed	
PAX3	MPC1	mpc1.l	0.9823862017584734	-0.7946504547245622	610.5	not changed	
PAX3	RBBP6		0.9800679394230896				
PAX3	PEX1		0.9780429032812806				
PAX3	LAMTOR2	lamtor2.l	0.975930328701352	-0.2895066171949848	4.0	not changed	
PAX3	LAMTOR2	lamtor2.s	0.975930328701352	-0.0675068193582765	8.0	not changed	
PAX3	DHX9		0.974991717186394				
PAX3	EXOSC5	exosc5.l	0.9748740523798528	-0.4098092852349634	306.5	not changed	
PAX3	PRELID1	prelid1.l	0.9713535101710052	-0.4709756708727013	83.0	not changed	
PAX3	PRELID1	prelid1.s	0.9713535101710052	-0.5498661259447924	148.0	not changed	
PAX3	DDX21	ddx21.s	0.9675554785154948	-1.2207160670834676	4992.5	decreased	
PAX3	MAPK11	mapk11.s	0.9664454946475844	-0.7347840492526501	483.5	not changed	
PAX3	MAPK11	mapk11.l	0.9664454946475844	-0.8267491728509105	808.5	not changed	
PAX3	ALDOC		0.9609230991347326				
PAX3	SLC25A3	slc25a3.l	0.9603541846873712	-0.3013722852216208	814.5	not changed	
PAX3	SLC25A3	slc25a3.s	0.9603541846873712	-0.7003301616204876	1266.0	decreased	
PAX3	ATP6V0A2	atp6v0a2.l	0.9572183584782264	-0.3844717495917888	244.0	not changed	
PAX3	TPM1		0.9509823064414272				
PAX3	COX11		0.9491744166196796				
PAX3	SENP7	senp7.l	0.9481210364854148	-1.3982789810174772	150.5	not changed	
PAX3	DERL2		0.948104820432774				
PAX3	MAGI1		0.947881737094392				
PAX3	PLPP1		0.9470628428404586				
PAX3	DRG2	drg2.s	0.9441816381664836	0.3901673925141542	213.5	not changed	
PAX3	SON		0.9423083652165368				
PAX3	MYO1C		0.9383291993780613				
PAX3	RTF1	rtf1.l	0.9378599305023	-1.2393183368599865	782.5	decreased	
PAX3	NDUFS8		0.9374144505148428				
PAX3	CARF	carf.l	0.936859719685721	-0.2274104961030725	7.0	not changed	
PAX3	LMO1		0.9365513994426788				140.0
PAX3	TENT2		0.9365116960686296				
PAX3	SEMA4A	sema4a.l	0.935735691753988	0.4548385073368188	26.5	not changed	
PAX3	SEMA4A	sema4a.s	0.935735691753988	1.2083563616495865	1421.5	increased	
PAX3	GKAP1		0.9329273129266332				
PAX3	SRSF2	srsf2.l	0.9282114118397417	-0.4572959055970537	11575.0	decreased	
PAX3	SRSF2	srsf2.s	0.9282114118397417	-0.3806873266355176	5910.0	decreased	
PAX3	PTPN23	ptpn23.s	0.9253228292704776	0.7960448269202283	229.0	not changed	
PAX3	PTPN23	ptpn23.l	0.9253228292704776	0.658963082164933	11.0	not changed	
PAX3	NFATC1	nfatc1.l	0.918658625458277	0.0565835283663675	1.0	not changed	
PAX3	NFATC1	nfatc1.s	0.918658625458277	2.584962500721156	5.0	not changed	
PAX3	GSS	gss.l	0.916723919853399	-0.0210616155278295	1.0	not changed	
PAX3	PARS2	pars2.l	0.915744480166812	-0.7041097660141611	190.0	not changed	
PAX3	GNAL		0.9154238770208876				28.0
PAX3	SLC7A5	slc7a5.l	0.9125436234793504	1.1926450779423958	36.0	not changed	
PAX3	RREB1	rreb1.l	0.911598182851767	0.1079592481359195	23.0	not changed	
PAX3	RREB1	rreb1.s	0.911598182851767	-0.5276293256552045	102.0	not changed	
PAX3	OST4		0.9037190805796108				
PAX3	EDEM1		0.9026842992893154				
PAX3	WDR83OS	wdr83os.l	0.8988071337112802	-0.0492435190198491	17.5	not changed	
PAX3	ZFP82		0.8986632637761638				
PAX3	RRP15	rrp15.s	0.8979577110551955	-1.2319592799364962	767.5	decreased	59.0
PAX3	RRP15	rrp15.l	0.8979577110551955	-0.8981048298916472	1953.5	decreased	59.0
PAX3	DDX5	ddx5.l	0.8964733275862238	-0.1928961499293332	4007.0	not changed	
PAX3	DDX5	ddx5.s	0.8964733275862238	-0.6154231660720741	11086.5	decreased	
PAX3	SLC35B3		0.8944642038660074				
PAX3	CYR61	cyr61.l	0.8922683385068881	0.1443899093351749	4.0	not changed	
PAX3	CYR61	cyr61.s	0.8922683385068881	0.0	0.0	not changed	
PAX3	CFI		0.8917474626213268				
PAX3	CHMP2B	chmp2b.l	0.8915363989073191	-0.3072504884826113	136.0	not changed	
PAX3	CHMP2B	chmp2b.s	0.8915363989073191	1.421400001502383	759.5	increased	
PAX3	ID3		0.8895396653378365				
PAX3	MYL12B	myl12b.s	0.8871295278238291	0.152553701009738	467.5	not changed	
PAX3	MYL12B	myl12b.l	0.8871295278238291	-0.7581287864765104	341.5	not changed	
PAX3	SNU13		0.8861672823976238				
PAX3	ATF7IP2	atf7ip2.l	0.8854712508844281	-0.9044223400177688	34.0	not changed	
PAX3	KTN1		0.8827015897692182				
PAX3	PSMG3	psmg3.l	0.8820016123514458	-0.7451395256119062	59.5	not changed	
PAX3	ZCCHC2	zcchc2.l	0.8771146482504563	1.0	22.0	not changed	
PAX3	ZCCHC2	zcchc2.s	0.8771146482504563	1.8105222011362871	81.5	increased	
PAX3	NOTCH3		0.8740261554671186				
PAX3	RNF2	rnf2.l	0.8731208666435095	-0.4878783061643382	253.5	not changed	
PAX3	RNF2	rnf2.s	0.8731208666435095	-0.1037954123723005	55.5	not changed	
PAX3	PCDH1	pcdh1.s	0.8726304950701123	-0.1559540488015512	89.5	not changed	
PAX3	PCDH1	pcdh1.l	0.8726304950701123	0.703674132101515	237.0	not changed	
PAX3	SRP54	srp54.l	0.8678739750757294	-0.9962561041906638	1247.5	decreased	
PAX3	SRP54	srp54.s	0.8678739750757294	-0.9062301721404102	764.0	not changed	
PAX3	POP4	pop4.l	0.8666072306419861	-0.8536816115100215	318.0	not changed	
PAX3	EIF3M	eif3m.l	0.8665016220053928	-0.7002261490147161	974.0	not changed	
PAX3	EIF3M	eif3m.s	0.8665016220053928	-0.5772891244036262	1144.0	decreased	
PAX3	NDUFA2		0.8655411241705431				
PAX3	CRADD		0.864503559336159				
PAX3	BRD7	brd7.l	0.8637160805883624	-0.9820409086616904	1892.0	decreased	
PAX3	CFL1	cfl1.l	0.8577505841533635	-0.1223831152321891	316.5	not changed	
PAX3	CFL1	cfl1.s	0.8577505841533635	-0.1666498694094514	252.0	not changed	
PAX3	MKI67		0.8562472177539806				
PAX3	STK24	stk24.s	0.8549057891476289	-0.3979639859199024	54.0	not changed	
PAX3	STK24	stk24.l	0.8549057891476289	-1.8602528847358173	1439.0	decreased	
PAX3	DPY19L4		0.8519186883324179				
PAX3	FBXW8	fbxw8.l	0.8517456822561142	0.4743716386612461	76.5	not changed	
PAX3	MED18		0.8492208505230777				
PAX3	UBE2QL1		0.8471750904383417				
PAX3	OLFM4	olfm4.l	0.8468516681475449	-2.5655179936676027	5451.0	decreased	
PAX3	RPUSD3	rpusd3.s	0.8464737146222054	-0.532787035708294	54.5	not changed	
PAX3	FAM204A		0.8459571848489096				
PAX3	GDPGP1	gdpgp1.s	0.8442058248569483	-inf	1.5	not changed	
PAX3	UBTF	ubtf.s	0.8413420449750679	-0.2917661243771099	624.0	not changed	
PAX3	UBTF	ubtf.l	0.8413420449750679	0.2503258608978388	482.5	not changed	
PAX3	AMMECR1L	ammecr1l.l	0.8343078753251759	0.2801079191927352	6.0	not changed	
PAX3	AMMECR1L	ammecr1l.s	0.8343078753251759	0.7216988375128957	18.5	not changed	
PAX3	DRAP1	drap1.l	0.8335880864653442	-0.4511003440453429	382.5	not changed	
PAX3	DRAP1	drap1.s	0.8335880864653442	-0.2709537321285609	134.5	not changed	
PAX3	F11R		0.8333742197586327				
PAX3	METTL16	mettl16.l	0.8325986899492788	-0.6266818908458034	222.5	not changed	
PAX3	SNRNP25	snrnp25.s	0.8317967249825077	-0.943500103704662	318.5	not changed	
PAX3	MPP6	mpp6.s	0.825525901005677	0.5328739895727022	10.5	not changed	
PAX3	NFX1	nfx1.s	0.825089546525825	0.3699496097503059	9.5	not changed	
PAX3	POGLUT1		0.8249024068387175				
PAX3	OXSR1		0.8241058376932406				
PAX3	CCT6A	cct6a.s	0.8234680691199138	0.5807933224208564	1116.5	increased	
PAX3	CCT6A	cct6a.l	0.8234680691199138	1.0298521180802442	1171.0	increased	
PAX3	CBLB		0.8215817334903649				
PAX3	AP1B1	ap1b1.l	0.8212511583081147	0.2387671238118359	111.5	not changed	
PAX3	AP1B1	ap1b1.s	0.8212511583081147	0.2469147404705169	28.0	not changed	
PAX3	EBNA1BP2		0.8207497898766729				
PAX3	ACTR5	actr5.s	0.8189418313122113	-0.4635243732711802	48.5	not changed	
PAX3	RNF214		0.8185052764119338				
PAX3	CHMP5		0.8181045235464444				
PAX3	MCL1	mcl1.l	0.8171004075718297	-0.2530624119530215	450.0	not changed	
PAX3	MCL1	mcl1.s	0.8171004075718297	-0.2169669496851299	105.0	not changed	
PAX3	C6ORF62	c6orf62.s	0.8100695437055232	0.6261099344866478	660.5	not changed	
PAX3	C6ORF62	c6orf62.l	0.8100695437055232	0.0810758697331208	53.5	not changed	
PAX3	NSD1		0.8092976536132496				
PAX3	NEUROG1	neurog1.l	0.8053059504402498	-1.919621154308516	481.5	decreased	
PAX3	MTHFSD	mthfsd.l	0.8041689601841955	0.0	0.0	not changed	
PAX3	SNRPD1	snrpd1.l	0.8034730226388197	-0.453226469110589	1548.0	not changed	
PAX3	SNRPD1	snrpd1.s	0.8034730226388197	-0.4172520992513297	518.5	not changed	
PAX3	IDH2	idh2.l	0.8017143111312807	-0.3605082944338142	1910.5	not changed	
PAX3	IDH2	idh2.s	0.8017143111312807	-0.3871984521537467	149.0	not changed	
PAX3	CDCA8	cdca8.l	0.8008463457301986	-0.3355430070271641	237.5	not changed	
PAX3	CDCA8	cdca8.s	0.8008463457301986	-1.064276885750472	233.5	not changed	
PAX3	CENPE		0.7987360954853443				
PAX3	EHD1	ehd1.s	0.7981890242041754	-0.4355102706045217	206.5	not changed	
PAX3	EHD1	ehd1.l	0.7981890242041754	-0.2128826607495453	283.5	not changed	
PAX3	PBRM1		0.797189122536288				
PAX3	NUFIP1	nufip1.l	0.7959239081596994	-1.2723931583003858	788.5	decreased	
PAX3	NUFIP1	nufip1.s	0.7959239081596994	-0.408951157124728	126.5	not changed	
PAX3	PIK3R4	pik3r4.l	0.7958535367157314	-1.4020984435713455	23.0	not changed	
PAX3	PIK3R4	pik3r4.s	0.7958535367157314	-1.9068905956085185	11.0	not changed	
PAX3	TBL3	tbl3.l	0.7947679392106858	-0.1487431976345486	204.5	not changed	
PAX3	NIPSNAP1	nipsnap1.l	0.7936411533652009	0.076082392830829	7.5	not changed	
PAX3	NIPSNAP1	nipsnap1.s	0.7936411533652009	-3.8110305802010025	182.5	decreased	
PAX3	FAM114A2		0.7917497040282946				
PAX3	SNX19	snx19.s	0.7880423619285737	-0.2451124978365314	5.0	not changed	
PAX3	TDG	tdg.s	0.7843514569785911	-0.3014626483472911	1425.5	not changed	
PAX3	IFRD2		0.7841083280304426				
PAX3	GATC		0.7833429890493459				
PAX3	HGH1		0.7810770421476263				
PAX3	GJC1	gjc1.l	0.7810181892947011	-0.4474589769712214	4.0	not changed	
PAX3	PAIP2B	paip2b.l	0.7797226623816167	-1.0280828377792413	3053.5	decreased	
PAX3	PAIP2B	paip2b.s	0.7797226623816167	-0.6953111597597033	1664.5	decreased	
PAX3	OTUB1	otub1.l	0.7797179734362355	-0.9855004303048848	171.5	not changed	
PAX3	OTUB1	otub1.s	0.7797179734362355	-0.358500659316904	261.5	not changed	
PAX3	CNDP1	cndp1.l	0.7795679024782257	-2.1921207475565083	153.5	decreased	
PAX3	EMG1		0.7790000225781744				
PAX3	ADAMTSL2	adamtsl2.s	0.7783829847609105	0.0	1.0	not changed	
PAX3	SEC24C		0.7770760424346929				
PAX3	ALG5	alg5.l	0.7770535737774381	-0.1124747292584125	27.0	not changed	
PAX3	ALG5	alg5.s	0.7770535737774381	0.0975553094226736	8.5	not changed	
PAX3	ANKS1A		0.7769992968897171				
PAX3	CDX4	cdx4.l	0.7741047854560458	-1.6348087443112431	6628.0	decreased	
PAX3	CDX4	cdx4.s	0.7741047854560458	-1.9045777895970577	4796.5	decreased	
PAX3	STK11IP	stk11ip.l	0.7736466215828979	0.4432343911094959	82.0	not changed	62.0
PAX3	NCAPH		0.7735718408760557				
PAX3	XPOT	xpot.l	0.7732192102484687	-0.4871432997592634	120.5	not changed	
PAX3	XPOT	xpot.s	0.7732192102484687	-0.5025562080545407	633.0	not changed	
PAX3	HDAC3	hdac3.s	0.7710723721272342	0.558916750225976	286.5	not changed	
PAX3	ETV1		0.7693779947975619				
PAX3	BRWD1	brwd1.l	0.768629769092181	-0.8650704199138913	115.0	not changed	
PAX3	RECK	reck.l	0.7681569266024992	2.736965594166206	144.5	increased	
PAX3	METTL3	mettl3.l	0.7675049775628718	-0.4251674035630501	304.0	not changed	
PAX3	CTBS	ctbs.l	0.7669922120685031	-1.335603031784439	32.0	not changed	
PAX3	CTBS	ctbs.s	0.7669922120685031	-0.7856981659898485	118.0	not changed	
PAX3	LIN28B	lin28b.l	0.766804035368808	-1.646890249864358	729.0	decreased	
PAX3	LIN28B	lin28b.s	0.766804035368808	-0.9143809128996934	940.5	not changed	
PAX3	PRPF40A		0.7651048329044092				
PAX3	DYNLRB2		0.7647941392937634				
PAX3	SPINT2	spint2.l	0.7642867676563604	0.2385268305011278	921.5	not changed	
PAX3	SPINT2	spint2.s	0.7642867676563604	-0.1518931277419677	218.5	not changed	
PAX3	THOC5	thoc5.s	0.7624971500160633	-0.7890047281064132	543.0	not changed	
PAX3	THOC5	thoc5.l	0.7624971500160633	-0.5834557694710015	955.0	not changed	
PAX3	PSEN1	psen1.l	0.7607589158985936	-0.8837738585922996	237.5	not changed	
PAX3	PSEN1	psen1.s	0.7607589158985936	-0.582579849410162	100.5	not changed	
PAX3	NDUFA12	ndufa12.l	0.7575371484711731	0.1926450779423958	0.5	not changed	
PAX3	NDUFA12	ndufa12.s	0.7575371484711731	0.2716733241076666	11.5	not changed	
PAX3	FGFR1	fgfr1.l	0.7567059827386461	-0.2925116069106276	343.0	not changed	27.0
PAX3	FGFR1	fgfr1.s	0.7567059827386461	-0.0327485823397121	22.5	not changed	27.0
PAX3	PAX6		0.756531547917675				
PAX3	DDRGK1		0.7563304534210479				
PAX3	UQCRFS1	uqcrfs1.l	0.7546206626288042	0.0068961388461636	13.5	not changed	
PAX3	UQCRFS1	uqcrfs1.s	0.7546206626288042	-0.3418244978210972	670.0	not changed	
PAX3	NARFL	narfl.s	0.7544610883484504	0.0916304754655683	8.0	not changed	
PAX3	SPEN	spen.l	0.753711426215357	0.6107102699188077	219.5	not changed	
PAX3	SPEN	spen.s	0.753711426215357	0.3728301164531747	202.0	not changed	
PAX3	MYSM1		0.7536172986765559				
PAX3	S100A13		0.7533004555645497				
PAX3	FILIP1L		0.752403195269013				
PAX3	ADAM11	adam11.l	0.7515070348036473	-0.5849625007211563	2.0	not changed	
PAX3	ADAM11	adam11.s	0.7515070348036473	-0.5849625007211563	2.0	not changed	
PAX3	AKR7A2	akr7a2.l	0.7510708881406487	0.5443205162238102	33.0	not changed	
PAX3	AKR7A2	akr7a2.s	0.7510708881406487	1.3334237337251915	38.0	not changed	
PAX3	AFF4	aff4.l	0.750385388367672	0.5540900179872895	158.5	not changed	92.0
PAX3	AFF4	aff4.s	0.750385388367672	0.0115323958676252	10.0	not changed	92.0
PAX3	FAM57A		0.750121679191673				
PAX3	BICDL1		0.7499657753908642				
PAX3	OLIG3	olig3.s	0.7490296326279668	0.7587939184675029	458.5	not changed	
PAX3	RBP1		0.7485524417730647				
PAX3	CAST	cast.l	0.7483731231174819	1.841788419121478	267.5	increased	59.0
PAX3	CAST	cast.s	0.7483731231174819	0.6278055017268915	410.0	not changed	59.0
PAX3	STK17A	stk17a.l	0.7483244849866546	0.3195675352537311	91.0	not changed	
PAX3	STK17A	stk17a.s	0.7483244849866546	0.5892626381547816	84.5	not changed	
PAX3	POLA2	pola2.l	0.7449442662762669	-0.0683869749802501	15.0	not changed	
PAX3	HSP90B1		0.744084287358793				
PAX3	GGNBP2	ggnbp2.s	0.7438794846039686	-0.1073991304750852	90.5	not changed	
PAX3	RAD18		0.7436723809668964				
PAX3	HNRNPM		0.7431617897960388				
PAX3	LRRFIP2	lrrfip2.l	0.742471604771706	0.6151607567742591	121.5	not changed	
PAX3	PAG1		0.741633991991173				
PAX3	PRKCI	prkci.l	0.7402486584708288	0.7127564343135842	407.0	not changed	
PAX3	ZSWIM6	zswim6.l	0.7388305703854391	-0.171783426330094	54.5	not changed	
PAX3	ATOX1	atox1.l	0.7387201812218933	-0.0544477840223764	0.5	not changed	
PAX3	ATOX1	atox1.s	0.7387201812218933	0.1717663482664798	16.5	not changed	
PAX3	GIT1		0.7374439814733621				
PAX3	PCBP2	pcbp2.s	0.7372670647459804	-1.0945733626573189	716.5	decreased	
PAX3	PI4KA	pi4ka.l	0.7351568476711746	0.374848409163145	13.5	not changed	
PAX3	PI4KA	pi4ka.s	0.7351568476711746	0.7020951343191539	42.0	not changed	
PAX3	RAPGEF2	rapgef2.s	0.7347992957779045	0.8264300572482258	249.0	not changed	63.0
PAX3	RAPGEF2	rapgef2.l	0.7347992957779045	0.720824958331453	250.5	not changed	63.0
PAX3	EPC1	epc1.l	0.7307280459308398	-0.073157997573705	24.5	not changed	
PAX3	EPC1	epc1.s	0.7307280459308398	0.2237749753865668	112.5	not changed	
PAX3	ARHGAP5		0.7268997285335789				
PAX3	CD63		0.7267787162743731				
PAX3	PDZRN4		0.7260697801530123				
PAX3	SYDE2		0.7242679620221277				
PAX3	FOXP4	foxp4.s	0.7238376797486931	-0.1929986363416384	36.5	not changed	66.0
PAX3	PSMD13	psmd13.s	0.7212949892741343	-0.3069404778509393	573.5	not changed	
PAX3	WWP1	wwp1.l	0.7211780340504299	-0.3762679291142684	59.0	not changed	
PAX3	WWP1	wwp1.s	0.7211780340504299	-0.7970129778361452	59.0	not changed	
PAX3	ERBB3	erbb3.s	0.7193292216728181	1.9693683813463367	173.5	increased	
PAX3	ERBB3	erbb3.l	0.7193292216728181	1.5133754184721364	223.5	increased	
PAX3	RAB2B	rab2b.l	0.719103690474907	-0.4921318510481323	187.0	not changed	
PAX3	RAB2B	rab2b.s	0.719103690474907	-0.0967151544885358	71.0	not changed	
PAX3	TAF12	taf12.l	0.7190050273289079	-0.1827718809979157	75.5	not changed	
PAX3	TAF12	taf12.s	0.7190050273289079	0.0796824001009867	29.5	not changed	
PAX3	GLOD4	glod4.l	0.7171704140638254	-0.9781492787783402	306.5	not changed	
PAX3	EFNB3		0.7163661944455918				
PAX3	SSU72	ssu72.l	0.7145095310908763	-0.326476795578994	96.5	not changed	
PAX3	SSU72	ssu72.s	0.7145095310908763	-0.0537319839377895	25.5	not changed	
PAX3	ZBTB21	zbtb21.l	0.7132765987783737	0.8522807929391204	165.5	not changed	
PAX3	ZBTB21	zbtb21.s	0.7132765987783737	-1.0655883416275769	47.0	not changed	
PAX3	ATF6B		0.7111690397926743				
PAX3	NFYC		0.7095403899234134				
PAX3	SNRNP200	snrnp200.l	0.7094552670922355	0.3503914392196603	1617.0	not changed	
PAX3	SNRNP200	snrnp200.s	0.7094552670922355	-0.3406589060404245	2327.5	not changed	
PAX3	RRS1	rrs1.l	0.7083263856195916	-0.3322331032791008	433.5	not changed	
PAX3	RRS1	rrs1.s	0.7083263856195916	-0.2988361787085537	258.0	not changed	
PAX3	ZNF326	znf326.l	0.7065328090590299	-0.1968007074337071	560.5	not changed	50.0
PAX3	ZNF326	znf326.s	0.7065328090590299	-0.6972849456529899	6084.0	decreased	50.0
PAX3	COX5A	cox5a.l	0.7063683191349637	-0.1964810149028497	137.0	not changed	
PAX3	COX5A	cox5a.s	0.7063683191349637	0.0338859941524099	13.0	not changed	
PAX3	CWF19L2		0.7059151138925368				
PAX3	TFAP2A		0.7057420938859539				
PAX3	RFX7		0.7052495505310059				
PAX3	OCIAD2		0.7043761732754094				
PAX3	RETSAT	retsat.l	0.7040768634294023	-0.4013625623817673	102.0	not changed	
PAX3	FAM126A		0.7027996233452802				
PAX3	SSFA2	ssfa2.l	0.700302203531573	0.8766175844947178	153.0	not changed	
PAX3	SSFA2	ssfa2.s	0.700302203531573	-0.1359224879304545	41.0	not changed	
PAX3	MPC2	mpc2.s	0.6997499454473777	-0.1932754887196931	41.0	not changed	
PAX3	CUL4B	cul4b.l	0.6991934825786864	-0.23600906870236	249.0	not changed	
PAX3	CUL4B	cul4b.s	0.6991934825786864	0.0195204019037545	24.5	not changed	
PAX3	HPS3	hps3.l	0.6987984087005261	-0.0155968550510185	6.5	not changed	
PAX3	PRR14L		0.6922928330904902				
PAX3	EPRS		0.6914763684841729				
PAX3	PARP1		0.6908151515491894				
PAX3	USP54	usp54.l	0.6896372002425907	-0.7690917099902393	688.0	not changed	
PAX3	USP54	usp54.s	0.6896372002425907	-0.4150374992788438	2.0	not changed	
PAX3	RUFY2		0.6889253279002121				
PAX3	EPHA4		0.6874110825894335				
PAX3	HIST1H2BM		0.6869603573722068				
PAX3	AGPAT5	agpat5.l	0.6858730540812494	0.2630344058337938	9.5	not changed	
PAX3	AGPAT5	agpat5.s	0.6858730540812494	-2.321928094887362	8.0	not changed	
PAX3	KPNA2	kpna2.l	0.6856917723642758	0.1623242149308939	277.0	not changed	
PAX3	KPNA2	kpna2.s	0.6856917723642758	0.3041731006272802	284.0	not changed	
PAX3	PLCB3	plcb3.l	0.6850234108652095	-0.6249012460913	51.5	not changed	
PAX3	EPB41L1		0.6848921319804939				
PAX3	ATP5MC2		0.6836355875950986				
PAX3	IRS1	irs1.s	0.6815919590531377	-0.1385608305329772	25.0	not changed	
PAX3	IRS1	irs1.l	0.6815919590531377	-0.9338576432087878	96.5	not changed	
PAX3	SMC3	smc3.l	0.6794816299968088	-0.1627452486699464	510.5	not changed	
PAX3	SMC3	smc3.s	0.6794816299968088	-0.8363521442438484	304.0	not changed	
PAX3	PCID2	pcid2.l	0.6790557562350557	-0.5806910096928866	223.5	not changed	
PAX3	PCID2	pcid2.s	0.6790557562350557	-0.9813307885559298	170.5	not changed	
PAX3	JTB		0.6736828778658469				
PAX3	HNF1B	hnf1b.l	0.6735602707264708	-3.12251476815987	3153.0	decreased	138.0
PAX3	HNF1B	hnf1b.s	0.6735602707264708	-2.690840913331179	2215.5	decreased	138.0
PAX3	MAML1		0.6731550446798081				
PAX3	SDF2L1		0.6720416744255533				
PAX3	CD38	cd38.l	0.6718964917876843	1.0	2.0	not changed	
PAX3	STX12	stx12.l	0.6711879731376963	-0.4025465550956469	56.0	not changed	
PAX3	BOP1	bop1.l	0.669558627123578	-0.4056499207848654	413.0	not changed	
PAX3	TPM3		0.6689548072885724				94.0
PAX3	RFX2	rfx2.l	0.6657240792346665	-0.1613741411790824	202.5	not changed	
PAX3	RFX2	rfx2.s	0.6657240792346665	-1.051862374537483	388.5	not changed	
PAX3	GPR4	gpr4.l	0.6634593794960573	0.0	1.0	not changed	
PAX3	GPR4	gpr4.s	0.6634593794960573	-2.700439718141092	5.5	not changed	
PAX3	DHCR7		0.6634335696497017				122.0
PAX3	C20ORF194		0.6623396526766724				
PAX3	RAN	ran.l	0.6612720457178128	-0.2902577135108025	1634.0	not changed	
PAX3	RAN	ran.s	0.6612720457178128	0.0488399344518088	309.0	not changed	
PAX3	G3BP1	g3bp1.s	0.6607484882779275	-0.5583102615714481	4371.5	decreased	
PAX3	G3BP1	g3bp1.l	0.6607484882779275	-0.9931254749280096	4323.5	decreased	
PAX3	MMTAG2		0.6593707882231734				
PAX3	MBOAT7	mboat7.l	0.6590858725215016	-0.6438561897747246	13.5	not changed	109.0
PAX3	ZNF516		0.6576808841083761				
PAX3	ANP32E	anp32e.l	0.6576010294889477	0.084534055934729	648.5	not changed	
PAX3	ANP32E	anp32e.s	0.6576010294889477	-0.4865556173211084	1427.5	not changed	
PAX3	HNRNPH1	hnrnph1.l	0.6572656985487428	-0.5673038342246496	2112.0	decreased	
PAX3	HNRNPH1	hnrnph1.s	0.6572656985487428	-0.3425254873304191	2042.5	not changed	
PAX3	PSMD4		0.6553922339332324				440.0
PAX3	PDLIM4	pdlim4.l	0.6543575145738456	-0.2888304067111314	43.0	not changed	
PAX3	PDLIM4	pdlim4.s	0.6543575145738456	-0.4854268271702417	4.0	not changed	
PAX3	NRP1		0.6508594411470744				
PAX3	ATP6V1C1		0.6498151245405823				
PAX3	ADARB1		0.6497674074821022				
PAX3	RBM45		0.6492883547690217				
PAX3	SRSF1	srsf1.l	0.648204970886509	0.033807412513585	199.0	not changed	
PAX3	SRSF1	srsf1.s	0.648204970886509	-0.8121559083214254	5442.0	decreased	
PAX3	PLEC	plec.l	0.6470916288893195	-0.8663794618700387	1244.5	decreased	
PAX3	PLEC	plec.s	0.6470916288893195	-0.1149020948128022	32.0	not changed	
PAX3	SOX2		0.6442981928334364				
PAX3	CALHM2	calhm2.l	0.6437021110770472	-1.070389327891398	5.5	not changed	
PAX3	CALHM2	calhm2.s	0.6437021110770472	-0.9585800726200192	100.0	not changed	
PAX3	HDAC1	hdac1.s	0.6429634437672112	-0.9362265270106308	3818.5	decreased	
PAX3	HDAC1	hdac1.l	0.6429634437672112	-1.5751168827036983	9023.0	decreased	
PAX3	NAA40	naa40.l	0.6414404307046059	-1.0889233433048733	851.0	decreased	
PAX3	NAA40	naa40.s	0.6414404307046059	-0.8583853945810648	500.0	not changed	
PAX3	KIAA1217		0.6407299397296194				88.0
PAX3	SYNE3		0.6399065032716766				
PAX3	MAK16	mak16.l	0.6383998637688865	-0.3521039531367135	554.5	not changed	
PAX3	MAK16	mak16.s	0.6383998637688865	-2.0446690493337285	497.0	decreased	
PAX3	ANKRD52		0.6371547685227558				
PAX3	FYN		0.637049807679312				
PAX3	IRX1	irx1.l	0.636446984032572	-0.1578953125811127	97.5	not changed	
PAX3	IRX1	irx1.s	0.636446984032572	0.1551190666669062	42.0	not changed	
PAX3	BSG	bsg.s	0.6362895834565891	0.2158110625214386	78.5	not changed	
PAX3	BSG	bsg.l	0.6362895834565891	-0.649273229138517	1317.5	decreased	
PAX3	PJA2		0.634645972992148				
PAX3	PSME4		0.6345451654683525				
PAX3	MAPK6	mapk6.l	0.6345422062695857	-0.9303945325141332	187.5	not changed	
PAX3	MAPK6	mapk6.s	0.6345422062695857	-0.4809757783919454	734.0	not changed	
PAX3	DNAJC2	dnajc2.l	0.6342771647836338	-0.8522608713575274	196.5	not changed	
PAX3	DNAJC2	dnajc2.s	0.6342771647836338	-1.5115916796179325	1636.5	decreased	
PAX3	NKTR		0.632437351217658				
PAX3	MYO18A		0.6319650440731037				
PAX3	RCC1	rcc1.l	0.6316610827197078	-0.4994751873115207	987.5	not changed	
PAX3	RCC1	rcc1.s	0.6316610827197078	-0.0395283641866373	9.5	not changed	
PAX3	ACTN1	actn1.s	0.629853474799324	0.2452450923902656	63.0	not changed	
PAX3	ACTN1	actn1.l	0.629853474799324	0.087288332243709	45.5	not changed	
PAX3	MEN1	men1.l	0.6286987321330946	-0.9314452697822482	151.5	not changed	
PAX3	PNN	pnn.l	0.6268786920397439	-1.0814093609680633	1615.0	decreased	
PAX3	PNN	pnn.s	0.6268786920397439	-0.32032776744552	897.0	not changed	
PAX3	FTO	fto.l	0.6265141555662509	-0.1914260706532344	10.5	not changed	
PAX3	ABHD17B	abhd17b.l	0.6246058163363125	-0.493040011280117	77.0	not changed	
PAX3	ABHD17B	abhd17b.s	0.6246058163363125	1.0379678501990204	39.5	not changed	
PAX3	RB1	rb1.s	0.6240122473534382	-0.870943899202127	494.0	not changed	
PAX3	ZNF503		0.6226432522561525				
PAX3	COA1		0.6183895177771805				
PAX3	CEP192		0.6181716601850977				
PAX3	GNAI3	gnai3.s	0.6181705544509359	-0.3270862280872541	440.5	not changed	
PAX3	CEBPZ	cebpz.l	0.6180582206830404	-1.35461019854755	2107.0	decreased	
PAX3	CEBPZ	cebpz.s	0.6180582206830404	-0.894998053763497	1445.0	decreased	
PAX3	SFPQ	sfpq.l	0.6174565719946321	0.236856714231755	2543.5	not changed	207.0
PAX3	SFPQ	sfpq.s	0.6174565719946321	-0.2696542867872843	2711.0	not changed	207.0
PAX3	VPS41	vps41.l	0.6173825377173483	-0.6498136450711243	33.0	not changed	
PAX3	VPS41	vps41.s	0.6173825377173483	0.8707169830550335	14.5	not changed	
PAX3	SLC25A17	slc25a17.l	0.6163005604133339	-1.0721023302431545	1635.0	decreased	
PAX3	SLC25A17	slc25a17.s	0.6163005604133339	-0.222392421336448	38.5	not changed	
PAX3	NUDC	nudc.l	0.6146670232279317	-0.7246347922554865	1196.0	decreased	
PAX3	NUDC	nudc.s	0.6146670232279317	-0.15726176617656	41.0	not changed	
PAX3	NOL10	nol10.l	0.6138828097869701	-0.598348151031646	919.0	not changed	
PAX3	EIF3L	eif3l.l	0.6091389908495584	-0.775743505512964	1539.5	decreased	
PAX3	EIF3L	eif3l.s	0.6091389908495584	-0.5262265780891883	559.0	not changed	
PAX3	ZFAND3	zfand3.l	0.6082415404953331	-0.5037664178731756	28.0	not changed	
PAX3	ZFAND3	zfand3.s	0.6082415404953331	-0.0312961304895385	5.0	not changed	
PAX3	CMC1	cmc1.l	0.6064993264097314	-0.0681715026415792	3.0	not changed	
PAX3	UBE2H	ube2h.l	0.6061027676326162	-0.7026140893754291	32.0	not changed	
PAX3	UBE2H	ube2h.s	0.6061027676326162	0.5849625007211562	34.0	not changed	
PAX3	MPHOSPH6	mphosph6.l	0.6058483658850788	0.2381597371947645	84.0	not changed	
PAX3	MPHOSPH6	mphosph6.s	0.6058483658850788	-1.3670646308468486	576.5	decreased	
PAX3	HAUS1	haus1.l	0.6049357620893434	-1.4498029174395204	71.0	not changed	
PAX3	GARS	gars.l	0.6036199138400575	0.4328036170874241	240.0	not changed	
PAX3	GARS	gars.s	0.6036199138400575	-0.4584967260410939	157.5	not changed	
PAX3	METRNL	metrnl.s	0.6028980313171821	0.2095615718147992	169.0	not changed	37.0
PAX3	METRNL	metrnl.l	0.6028980313171821	0.0594262781351926	41.0	not changed	37.0
PAX3	KHDRBS1	khdrbs1.l	0.6018933342085496	-1.0689721420791194	1810.5	decreased	
PAX3	KHDRBS1	khdrbs1.s	0.6018933342085496	-0.4447964679649173	10060.5	decreased	
PAX3	KRAS		0.6015033615797386				
PAX3	EPS15L1		0.6000646567596142				
PAX3	COX7A2L		0.6000516740218628				
PAX3	ZDHHC17	zdhhc17.l	0.5986018331091848	0.0903914099381844	36.5	not changed	
PAX3	ZDHHC17	zdhhc17.s	0.5986018331091848	0.4198545155766197	101.0	not changed	
PAX3	PSMA5		0.5979565116659458				
PAX3	SOX10	sox10.s	0.5975944069815379	-inf	13.5	not changed	
PAX3	SOX10	sox10.l	0.5975944069815379	-1.0	1.0	not changed	
PAX3	PRC1	prc1.l	0.596211119666056	0.8403647693544846	566.0	not changed	
PAX3	PRC1	prc1.s	0.596211119666056	-1.6572229353278252	1027.5	decreased	
PAX3	MTHFS	mthfs.l	0.5946130851375439	-0.4299878407448152	12.5	not changed	
PAX3	MTHFS	mthfs.s	0.5946130851375439	-inf	4.5	not changed	
PAX3	PHF5A	phf5a.l	0.5945785745179791	-0.77616030045401	533.0	not changed	
PAX3	PHF5A	phf5a.s	0.5945785745179791	-0.4750972242765121	328.0	not changed	
PAX3	UMPS	umps.l	0.5943647986057097	-0.6948239265391314	612.5	not changed	
PAX3	HOXA2		0.5915213585649068				
PAX3	SFRP1	sfrp1.l	0.5911477483559842	2.0	4.5	not changed	
PAX3	SFRP1	sfrp1.s	0.5911477483559842	-0.5594274086140185	45.0	not changed	
PAX3	TSPAN7	tspan7.s	0.589051644755774	-1.748938235832282	42.5	not changed	
PAX3	TSPAN7	tspan7.l	0.589051644755774	0.2796856463839577	21.5	not changed	
PAX3	SBF1	sbf1.l	0.5880834031504583	0.1482230596631813	153.0	not changed	
PAX3	SBF1	sbf1.s	0.5880834031504583	0.570978271285455	226.5	not changed	
PAX3	CELF3		0.5874810408161798				85.0
PAX3	TXNL1	txnl1.l	0.587056656683703	-0.2475380695106257	73.0	not changed	
PAX3	TXNL1	txnl1.s	0.587056656683703	-0.8772373215941422	713.0	not changed	
PAX3	API5	api5.l	0.5862338760080303	0.421586842532238	1193.5	not changed	
PAX3	API5	api5.s	0.5862338760080303	0.3375084362714813	1238.0	not changed	
PAX3	METTL2A		0.5858703232341914				
PAX3	USP8		0.584500725950039				
PAX3	PRDM11		0.5841495761969123				
PAX3	MEX3C	mex3c.s	0.5831554532567177	-0.2564617519103077	107.0	not changed	
PAX3	MEX3C	mex3c.l	0.5831554532567177	-0.1565903629407018	72.0	not changed	
PAX3	PFDN4	pfdn4.l	0.5815697405249795	-0.5402380562231053	124.0	not changed	
PAX3	PFDN4	pfdn4.s	0.5815697405249795	-0.7548875021634687	22.0	not changed	
PAX3	FNBP4		0.5815594098042036				
PAX3	CCNK	ccnk.l	0.5807364166247923	-0.0329719388038369	17.5	not changed	
PAX3	CCNK	ccnk.s	0.5807364166247923	1.584962500721156	180.0	increased	
PAX3	RNF38	rnf38.l	0.5802384804636899	0.7921174828133496	766.0	not changed	
PAX3	GCNA		0.5791674009675457				
PAX3	GOLT1B	golt1b.s	0.5788377459794876	-0.7634378055273972	56.5	not changed	
PAX3	ACSL3		0.5785582196637806				
PAX3	CASP3		0.5756913693393291				
PAX3	INTS11		0.5756272993216672				
PAX3	VMA21	vma21.l	0.5745014684642104	-0.1487205094557486	43.0	not changed	
PAX3	CALHM4		0.5733797490468004				
PAX3	ARPC2		0.5732732348774783				
PAX3	CNIH4	cnih4.l	0.5727462255929067	-1.8132736792448776	349.5	decreased	
PAX3	CNIH4	cnih4.s	0.5727462255929067	-0.3923174227787603	10.0	not changed	
PAX3	BCR	bcr.l	0.5720128258965588	-0.2235433548166263	30.0	not changed	
PAX3	BCR	bcr.s	0.5720128258965588	0.9908977928927476	78.5	not changed	
PAX3	TMEM199	tmem199.l	0.5713276623453185	-1.459431618637297	28.0	not changed	
PAX3	LZTFL1	lztfl1.l	0.5704242681736008	-1.0943848089603765	180.5	not changed	
PAX3	UTP14A	utp14a.l	0.569493902950918	-0.253698490514401	616.0	not changed	
PAX3	LOC400499		0.5683995902293394				
PAX3	CYB561		0.5667388390379681				
PAX3	PSMD6	psmd6.l	0.5644532471764658	-0.0053651792621196	7.5	not changed	
PAX3	PSMD6	psmd6.s	0.5644532471764658	0.0269670476002693	6.0	not changed	
PAX3	XKR5	xkr5.l	0.5629337865009314	-0.2475326692024066	108.0	not changed	183.0
PAX3	SBNO1	sbno1.l	0.5611882260671482	-0.5534408945525063	800.5	not changed	
PAX3	SBNO1	sbno1.s	0.5611882260671482	-1.0913109062891837	1021.0	decreased	
PAX3	UBE3A	ube3a.l	0.5603566361031866	0.3434078222978139	43.0	not changed	
PAX3	UBE3A	ube3a.s	0.5603566361031866	0.0686818840247948	26.5	not changed	
PAX3	UBL5		0.5596525403976584				
PAX3	ADCY9		0.5595825602822894				
PAX3	HDGF	hdgf.l	0.5591447517467955	-0.0320036987736861	151.5	not changed	
PAX3	HDGF	hdgf.s	0.5591447517467955	0.9766487068452068	2019.5	increased	
PAX3	EFR3B	efr3b.s	0.5586308879818659	0.0	1.0	not changed	
PAX3	EFR3B	efr3b.l	0.5586308879818659	-0.4043902550793353	5.5	not changed	
PAX3	HS3ST3B1		0.5584472602300347				
PAX3	XPO1		0.5580154117008421				
PAX3	ASH2L	ash2l.l	0.5576362978712982	-0.0924981228109804	63.5	not changed	
PAX3	ASH2L	ash2l.s	0.5576362978712982	-1.4287663940334256	453.5	not changed	
PAX3	SMDT1	smdt1.l	0.5570675839288357	0.0081278808834003	0.5	not changed	115.0
PAX3	SMDT1	smdt1.s	0.5570675839288357	0.9792414398332028	68.0	not changed	115.0
PAX3	APEX1	apex1.l	0.556850806871287	-1.0620314455448276	1399.0	decreased	
PAX3	APEX1	apex1.s	0.556850806871287	-0.8777733720645046	1693.5	decreased	
PAX3	METTL4	mettl4.s	0.5557419534553828	-0.8259706002249512	8.5	not changed	
PAX3	SSB		0.555147529156506				
PAX3	CNN3	cnn3.l	0.5519758421027089	-0.1666542875968794	727.0	not changed	
PAX3	CNN3	cnn3.s	0.5519758421027089	-0.2234382314879988	297.0	not changed	
PAX3	BTG2	btg2.s	0.5518296786658585	-1.2492360804638103	319.5	not changed	
PAX3	ILVBL	ilvbl.l	0.5514264034401731	-1.4007296625949603	93.5	not changed	
PAX3	UBE2E3		0.551424310875138				
PAX3	EEF1E1		0.5509278801557381				
PAX3	CBS	cbs.l	0.5495043177437748	0.1894182927884754	78.5	not changed	
PAX3	CBS	cbs.s	0.5495043177437748	0.0370620942215448	7.0	not changed	
PAX3	TMEM70	tmem70.s	0.5494658858806103	0.0266351265034666	1.5	not changed	
PAX3	PTCD3	ptcd3.l	0.5490042836258222	-1.4935394729575615	207.0	not changed	
PAX3	ALKBH8	alkbh8.s	0.5483052103544335	-1.740480078342443	96.0	decreased	
PAX3	RHBDL2	rhbdl2.l	0.5482087822973088	-2.678071905112638	27.0	not changed	
PAX3	DVL1	dvl1.s	0.5475499350669284	-0.5849625007211563	1.0	not changed	
PAX3	DVL1	dvl1.l	0.5475499350669284	-2.6244908649077936	31.0	not changed	
PAX3	WNK3	wnk3.s	0.5475407346024758	0.1704994370624394	17.5	not changed	
PAX3	DHRS7	dhrs7.l	0.5474077427789575	-0.3667823306716227	22.0	not changed	
PAX3	WDR82	wdr82.l	0.5469156158464307	-0.8725473014074916	1759.0	decreased	
PAX3	WDR82	wdr82.s	0.5469156158464307	-1.7210750280198766	650.0	decreased	
PAX3	NOTCH1	notch1.l	0.5467993970999234	0.6793952184840953	573.5	not changed	201.0
PAX3	NOTCH1	notch1.s	0.5467993970999234	0.6251729282183087	604.5	not changed	201.0
PAX3	SMAD7		0.5463739320378067				
PAX3	WBP11	wbp11.l	0.5456154667156923	-0.8089517069919336	291.0	not changed	
PAX3	WBP11	wbp11.s	0.5456154667156923	-0.296883631943562	273.5	not changed	
PAX3	CCDC25		0.5446546351568041				
PAX3	MED13L		0.5446051644381324				
PAX3	UBIAD1	ubiad1.l	0.5444148336487651	-2.527881405513889	276.5	decreased	
PAX3	SALL4		0.5440042715094833				
PAX3	QDPR	qdpr.l	0.5437346877882442	1.6930222465786091	67.0	increased	
PAX3	QDPR	qdpr.s	0.5437346877882442	0.3888535674751889	21.5	not changed	
PAX3	CRYGN		0.5423247235271602				
PAX3	TBC1D2B	tbc1d2b.l	0.5421557368435733	0.0	1.0	not changed	
PAX3	TBC1D2B	tbc1d2b.s	0.5421557368435733	1.0	6.0	not changed	
PAX3	CREB1		0.5420857882561277				
PAX3	PITPNB		0.5407628030609685				
PAX3	RUFY1	rufy1.l	0.5404148458083176	0.0	0.0	not changed	
PAX3	HECTD1	hectd1.s	0.5397161278051458	1.7062687969432897	172.0	increased	
PAX3	HECTD1	hectd1.l	0.5397161278051458	0.5811149170412004	403.5	not changed	
PAX3	C1ORF53		0.5391611800910676				
PAX3	EPB41		0.5378815875281191				
PAX3	RBX1		0.5370656936240844				
PAX3	FMR1	fmr1.l	0.5362801777491145	0.4586267678265266	61.0	not changed	
PAX3	FMR1	fmr1.s	0.5362801777491145	0.0	0.0	not changed	
PAX3	TRMT10B		0.5357836529391077				
PAX3	TIMM23		0.5350094273124197				
PAX3	PRR7	prr7.l	0.5347816059228714	0.2630344058337938	2.5	not changed	
PAX3	PRR7	prr7.s	0.5347816059228714	3.169925001442312	9.0	not changed	
PAX3	PHF21B		0.5329105783394826				
PAX3	PPIA		0.5327614089455696				
PAX3	SUPT16H	supt16h.l	0.5316721831369039	-1.2789488951971677	418.0	not changed	
PAX3	SUPT16H	supt16h.s	0.5316721831369039	-0.2560624452260844	775.5	not changed	
PAX3	C5ORF24	c5orf24.l	0.5308612770172962	0.0965079808533463	5.5	not changed	
PAX3	C5ORF24	c5orf24.s	0.5308612770172962	-2.4109331009461075	47.5	not changed	
PAX3	NCAM1	ncam1.l	0.5293083884331431	-0.4107880262774861	308.0	not changed	
PAX3	NCAM1	ncam1.s	0.5293083884331431	-0.9942021554618874	742.0	not changed	
PAX3	WASF3	wasf3.l	0.5286795415890598	0.2127293239857281	25.5	not changed	
PAX3	WASF3	wasf3.s	0.5286795415890598	0.0868774506799667	9.0	not changed	
PAX3	TSEN54	tsen54.l	0.5281022532394523	-0.8526582839248131	83.0	not changed	
PAX3	GNG5	gng5.l	0.5281001048971653	0.038361169037986	81.5	not changed	
PAX3	GNG5	gng5.s	0.5281001048971653	-0.3178166784801596	433.0	not changed	
PAX3	HELLS	hells.l	0.5272367481400444	0.5052353082504222	78.0	not changed	
PAX3	TSHZ2	tshz2.s	0.5265149783646981	2.0	1.5	not changed	
PAX3	ALG9		0.5264465996033467				
PAX3	SWSAP1		0.5260678419890232				
PAX3	RBM6	rbm6.l	0.5254834529076435	0.0433692019798005	237.0	not changed	
PAX3	RBM6	rbm6.s	0.5254834529076435	-0.0105749104344189	41.0	not changed	
PAX3	LRRC41	lrrc41.l	0.5253683750108233	0.2060517364935456	18.5	not changed	
PAX3	LRRC41	lrrc41.s	0.5253683750108233	-0.2811817525440533	17.0	not changed	
PAX3	SIX1	six1.l	0.5249068686643764	1.2995602818589078	9.5	not changed	
PAX3	SIX1	six1.s	0.5249068686643764	1.0	5.5	not changed	
PAX3	EIF3F		0.524875211433098				
PAX3	EMC7	emc7.s	0.5246397021983947	0.0425197772799305	37.0	not changed	
PAX3	EMC7	emc7.l	0.5246397021983947	-0.1426601040482875	285.0	not changed	
PAX3	CORO1C		0.5245281212395597				
PAX3	MYH9	myh9.l	0.5243011536374644	-0.4622457966216005	1037.5	not changed	
PAX3	MYH9	myh9.s	0.5243011536374644	0.4168131241686953	136.0	not changed	
PAX3	RWDD3	rwdd3.l	0.5239716411428934	0.15200309344505	1.0	not changed	
PAX3	F2RL1		0.5224836388715698				
PAX3	NUFIP2		0.5206686418271587				
PAX3	CEP350	cep350.l	0.5196375122803116	-0.3897553391894215	308.0	not changed	
PAX3	CEP350	cep350.s	0.5196375122803116	0.3870231231092473	8.0	not changed	
PAX3	CRLF3		0.5195099533208271				
PAX3	HEY1	hey1.s	0.5190998373416857	-1.3404244385047517	47.5	not changed	
PAX3	HEY1	hey1.l	0.5190998373416857	-1.599317793698226	101.5	decreased	
PAX3	TATDN1		0.5189083739406843				
PAX3	PRDX1		0.5187817763763359				
PAX3	TTI1		0.5182869052313517				
PAX3	TSFM	tsfm.l	0.5177388118500709	0.604862058158861	25.0	not changed	
PAX3	TSFM	tsfm.s	0.5177388118500709	-0.5579954531208868	8.5	not changed	
PAX3	CSE1L	cse1l.l	0.517448664141592	0.2962677090165533	37.5	not changed	
PAX3	CSE1L	cse1l.s	0.517448664141592	-0.4777227674947865	89.5	not changed	
PAX3	PER1		0.5171643854203372				
PAX3	RASA2	rasa2.l	0.5167918612004936	-0.8579809951275721	58.5	not changed	
PAX3	MXRA7		0.5167262192544174				
PAX3	SLC12A2	slc12a2.s	0.5151125698951186	-1.0188590272513158	624.0	decreased	
PAX3	SLC12A2	slc12a2.l	0.5151125698951186	-3.2695535992173346	1988.0	decreased	
PAX3	KMT2A	kmt2a.l	0.5149745398772885	0.0994231783236838	30.5	not changed	
PAX3	RSRC1		0.5148831096976427				120.0
PAX3	THAP11	thap11.l	0.5146834753549797	-0.5849625007211563	41.5	not changed	
PAX3	METTL1	mettl1.l	0.5146553279288931	-0.066458276301483	16.5	not changed	
PAX3	IL16		0.5127121296580998				
PAX3	TMEM131L		0.5115619485254971				
PAX3	PLOD3	plod3.l	0.5114764793956638	1.292831566905673	428.5	not changed	
PAX3	PALD1	pald1.l	0.5109573575714365	0.3479233034203068	7.5	not changed	
PAX3	PALD1	pald1.s	0.5109573575714365	-1.783259246440141	168.5	decreased	
PAX3	EIF5		0.5106614172830679				
PAX3	KIN	kin.l	0.5104606050964826	1.584962500721156	28.0	not changed	
PAX3	KIN	kin.s	0.5104606050964826	-1.3063732806925206	549.5	decreased	
PAX3	BAHCC1		0.5097241237656429				
PAX3	UBN2	ubn2.l	0.5089682068943016	-0.6928739120336123	680.0	not changed	
PAX3	UBN2	ubn2.s	0.5089682068943016	-0.5018079687536977	255.0	not changed	
PAX3	TBCC	tbcc.l	0.5087101893273828	-0.9652345818393232	100.0	not changed	
PAX3	NCBP1	ncbp1.l	0.5082096560743892	0.4892171751354741	975.5	not changed	
PAX3	NCBP1	ncbp1.s	0.5082096560743892	-0.4053688510408105	255.0	not changed	
PAX3	PDP2	pdp2.l	0.5080994546107351	0.3561438102252753	10.5	not changed	
PAX3	DNAJA3	dnaja3.l	0.5080286799528428	0.7386134470476884	117.0	not changed	
PAX3	DNAJA3	dnaja3.s	0.5080286799528428	-0.4122604146082702	21.5	not changed	
PAX3	MPHOSPH8		0.5072217792091478				
PAX3	FIGNL1		0.5063018941256874				
PAX3	VLDLR	vldlr.l	0.5056578539970739	-2.2479275134435857	7.5	not changed	
PAX3	PPP1R26		0.505067388736344				
PAX3	SH3GLB1	sh3glb1.s	0.5046053051127593	-0.2322908824026859	14.5	not changed	
PAX3	SH3GLB1	sh3glb1.l	0.5046053051127593	-0.905956510084862	270.0	not changed	
PAX3	SSR4		0.5041143375731088				
PAX3	ZNF839		0.5040119934401448				
PAX3	SUCLG1		0.5029099778694996				
PAX3	RAB5A		0.5026795958025339				
PAX3	URB1	urb1.l	0.5017918045810662	-0.3325074459580371	162.0	not changed	
PAX3	SAPCD2		0.500897103642				
PAX3	IPO5	ipo5.l	0.5006137125926471	0.2658042200103133	193.0	not changed	
PAX3	IPO5	ipo5.s	0.5006137125926471	-0.9431601975338576	1039.0	decreased	
PAX3	THUMPD1	thumpd1.s	0.500322684354943	-1.3897607643866892	1656.0	decreased	
PAX3	THUMPD1	thumpd1.l	0.500322684354943	-1.725700768070392	311.5	decreased	
PAX3	SKIDA1	skida1.l	0.4994092381283682	-0.0136318655877665	1.5	not changed	
PAX3	SKIDA1	skida1.s	0.4994092381283682	-0.4534185910066999	56.5	not changed	
PAX3	KIF5B	kif5b.l	0.4988821893660165	-0.21468157967283	64.5	not changed	
PAX3	KIF5B	kif5b.s	0.4988821893660165	-0.6048137371888538	426.0	not changed	
PAX3	CALM1		0.4988280404365543				
PAX3	TCERG1		0.4984920437960372				
PAX3	PSMB2	psmb2.l	0.4984770893603685	0.3277650349096464	151.0	not changed	
PAX3	PSMB2	psmb2.s	0.4984770893603685	-0.2396245510487886	116.0	not changed	
PAX3	WDR77	wdr77.s	0.4981233701124647	-1.9990404422387271	563.5	decreased	
PAX3	ENC1	enc1.s	0.4980336758629877	1.2449349899875362	696.0	increased	
PAX3	ENC1	enc1.l	0.4980336758629877	-0.0234589728239889	33.0	not changed	
PAX3	NME2		0.4973493941997868				
PAX3	PSEN2	psen2.s	0.4962740313069468	-1.107803289534515	100.5	not changed	288.0
PAX3	PSEN2	psen2.l	0.4962740313069468	-2.772589503896928	17.5	not changed	288.0
PAX3	ORC3	orc3.s	0.4941294320509484	-1.3479233034203069	153.0	not changed	
PAX3	ANXA7	anxa7.l	0.4933034970407465	0.4212531514760826	1099.5	not changed	
PAX3	RCC1L		0.4927872515795411				
PAX3	DBI		0.4918300539753854				
PAX3	ZNF608	znf608.l	0.4909923268237104	0.2946639209327087	313.5	not changed	60.0
PAX3	ZNF608	znf608.s	0.4909923268237104	-0.6917363401732085	448.5	not changed	60.0
PAX3	EIF3B	eif3b.l	0.4906869646725671	-0.8374711751222395	2153.0	decreased	
PAX3	EIF3B	eif3b.s	0.4906869646725671	-0.4301240579544166	1251.5	not changed	
PAX3	SUMO2	sumo2.s	0.4897153780722977	-0.8501130007338872	2005.0	decreased	
PAX3	SUMO2	sumo2.l	0.4897153780722977	-0.4639146062623195	210.5	not changed	
PAX3	B3GAT2		0.4885881911302754				
PAX3	POLR1C	polr1c.l	0.4883567856562462	-0.9159030577170816	783.0	not changed	
PAX3	STMN1	stmn1.l	0.4858758827118479	-0.4743184370371637	174.0	not changed	
PAX3	STMN1	stmn1.s	0.4858758827118479	-0.1064509416306426	8.5	not changed	
PAX3	PALM	palm.l	0.4853030598177552	0.4150374992788437	3.5	not changed	
PAX3	PALM	palm.s	0.4853030598177552	-0.7020951343191539	42.0	not changed	
PAX3	BUD23		0.4850457321651539				
PAX3	FOXC2	foxc2.l	0.4846938780703385	1.0	8.5	not changed	
PAX3	FOXC2	foxc2.s	0.4846938780703385	-0.5849625007211563	4.0	not changed	
PAX3	PIGT	pigt.l	0.4836443326069668	-0.2856021627390687	40.5	not changed	38.0
PAX3	RALGAPA2	ralgapa2.l	0.4834026933910827	0.283072159070339	15.5	not changed	
PAX3	RALGAPA2	ralgapa2.s	0.4834026933910827	-1.6244908649077936	12.5	not changed	
PAX3	CCNC	ccnc.l	0.4819921603281182	-1.3400104538708202	170.0	not changed	
PAX3	TTC4		0.4803816976785766				
PAX3	POLR2H		0.4795078327080465				
PAX3	SOX5	sox5.l	0.4776029121851667	1.7983661388303491	28.5	not changed	
PAX3	SOX5	sox5.s	0.4776029121851667	1.560714954474479	117.0	increased	
PAX3	DTYMK	dtymk.l	0.4773214054088129	0.0	0.0	not changed	
PAX3	DTYMK	dtymk.s	0.4773214054088129	0.1743597249146463	25.5	not changed	
PAX3	FBP1	fbp1.s	0.4748126802661002	0.3172115407528741	218.5	not changed	
PAX3	FBP1	fbp1.l	0.4748126802661002	-0.1420190048724278	39.0	not changed	
PAX3	THAP6		0.4746510889701593				
PAX3	RCL1		0.4745007579253169				
PAX3	SND1		0.4744619294065255				
PAX3	CMSS1	cmss1.l	0.4736095070757204	-0.1887938950628567	59.0	not changed	
PAX3	GLO1		0.4731981983039302				
PAX3	GINS3		0.4728781217217525				
PAX3	ARRDC3	arrdc3.l	0.4728527497977773	5.166953434911021	1414.5	increased	
PAX3	ARRDC3	arrdc3.s	0.4728527497977773	1.802553935793783	374.5	increased	
PAX3	ZNF362	znf362.s	0.4716970793023283	1.3025627700204314	22.0	not changed	
PAX3	TWNK		0.4705155602093362				
